Date,Manager ID,Product ID,Quantity Sold,Price Per Unit,Sales (USD),Returns
3/30/2024,3,3,2,$20.00 ,$40.00 ,0
8/24/2024,5,6,8,$15.00 ,$120.00 ,0
5/25/2024,1,1,6,$25.00 ,$150.00 ,0
4/2/2023,12,15,2,$20.00 ,$40.00 ,0
6/1/2024,5,3,7,$20.00 ,$140.00 ,0
8/20/2024,8,13,6,$30.00 ,$180.00 ,0
2/8/2024,7,3,6,$20.00 ,$120.00 ,0
8/13/2023,9,16,9,$50.00 ,$450.00 ,0
9/26/2024,3,14,10,$95.00 ,$950.00 ,0
7/13/2024,11,12,5,$50.00 ,$250.00 ,0
10/10/2024,17,15,6,$20.00 ,$120.00 ,0
8/6/2023,11,5,6,$80.00 ,$480.00 ,0
9/18/2023,18,3,3,$20.00 ,$60.00 ,0
8/2/2024,10,5,6,$80.00 ,$480.00 ,0
6/29/2024,18,10,3,$100.00 ,$300.00 ,0
3/25/2024,15,1,4,$25.00 ,$100.00 ,0
1/14/2023,2,6,6,$15.00 ,$90.00 ,0
5/21/2023,14,5,1,$80.00 ,$80.00 ,0
3/7/2023,12,15,8,$20.00 ,$160.00 ,0
7/30/2024,6,2,5,$120.00 ,$600.00 ,0
12/18/2023,2,16,4,$50.00 ,$200.00 ,0
4/25/2024,6,11,1,$60.00 ,$60.00 ,0
1/4/2024,7,8,5,$25.00 ,$125.00 ,0
7/23/2023,9,8,6,$25.00 ,$150.00 ,1
5/3/2023,2,5,7,$80.00 ,$560.00 ,0
10/9/2024,12,10,1,$100.00 ,$100.00 ,0
6/9/2023,14,7,9,$100.00 ,$900.00 ,0
1/9/2024,8,16,6,$50.00 ,$300.00 ,0
1/31/2023,5,16,5,$50.00 ,$250.00 ,0
11/26/2024,3,4,7,$150.00 ,"$1,050.00 ",0
9/18/2024,4,13,8,$30.00 ,$240.00 ,0
11/12/2024,11,12,7,$50.00 ,$350.00 ,0
10/19/2023,15,16,10,$50.00 ,$500.00 ,3
7/15/2024,2,11,3,$60.00 ,$180.00 ,0
6/16/2024,13,13,10,$30.00 ,$300.00 ,0
7/4/2024,16,10,1,$100.00 ,$100.00 ,0
8/29/2024,12,16,9,$50.00 ,$450.00 ,0
10/22/2023,6,7,9,$100.00 ,$900.00 ,0
6/11/2023,3,8,10,$25.00 ,$250.00 ,0
9/16/2023,8,13,3,$30.00 ,$90.00 ,0
5/19/2023,16,5,8,$80.00 ,$640.00 ,0
2/24/2023,3,10,6,$100.00 ,$600.00 ,0
1/22/2023,2,3,3,$20.00 ,$60.00 ,0
7/12/2024,15,3,1,$20.00 ,$20.00 ,0
9/20/2024,15,8,3,$25.00 ,$75.00 ,0
11/15/2023,16,12,5,$50.00 ,$250.00 ,0
9/7/2023,16,7,9,$100.00 ,$900.00 ,0
5/3/2024,7,16,1,$50.00 ,$50.00 ,0
9/5/2023,2,16,6,$50.00 ,$300.00 ,0
11/20/2024,17,2,5,$120.00 ,$600.00 ,0
5/18/2023,4,9,3,$110.00 ,$330.00 ,0
5/29/2024,15,14,4,$95.00 ,$380.00 ,0
11/12/2024,10,12,10,$50.00 ,$500.00 ,0
1/27/2024,5,3,5,$20.00 ,$100.00 ,0
2/15/2023,13,3,4,$20.00 ,$80.00 ,0
12/31/2023,10,8,8,$25.00 ,$200.00 ,0
9/12/2024,18,8,9,$25.00 ,$225.00 ,1
4/4/2023,15,16,2,$50.00 ,$100.00 ,0
10/28/2024,2,4,9,$150.00 ,"$1,350.00 ",0
12/1/2023,14,3,9,$20.00 ,$180.00 ,0
8/2/2024,11,14,8,$95.00 ,$760.00 ,0
7/21/2023,2,9,5,$110.00 ,$550.00 ,0
7/17/2023,1,2,4,$120.00 ,$480.00 ,0
8/14/2024,6,16,7,$50.00 ,$350.00 ,0
12/20/2024,3,13,8,$30.00 ,$240.00 ,0
9/1/2024,4,8,2,$25.00 ,$50.00 ,0
12/25/2024,11,4,5,$150.00 ,$750.00 ,0
8/30/2024,10,6,6,$15.00 ,$90.00 ,0
5/28/2024,11,5,4,$80.00 ,$320.00 ,0
5/12/2024,6,9,7,$110.00 ,$770.00 ,0
11/19/2024,17,10,1,$100.00 ,$100.00 ,0
1/28/2024,12,2,3,$120.00 ,$360.00 ,0
4/8/2024,8,16,3,$50.00 ,$150.00 ,0
10/29/2023,14,16,2,$50.00 ,$100.00 ,0
7/26/2024,11,6,1,$15.00 ,$15.00 ,0
9/24/2023,1,13,6,$30.00 ,$180.00 ,2
1/8/2023,14,6,5,$15.00 ,$75.00 ,0
3/8/2024,10,1,8,$25.00 ,$200.00 ,0
4/3/2023,15,12,2,$50.00 ,$100.00 ,0
5/29/2024,9,14,7,$95.00 ,$665.00 ,0
1/10/2023,6,16,8,$50.00 ,$400.00 ,0
9/22/2023,16,11,4,$60.00 ,$240.00 ,0
11/29/2024,13,9,2,$110.00 ,$220.00 ,0
7/9/2024,13,16,1,$50.00 ,$50.00 ,0
5/2/2023,12,8,9,$25.00 ,$225.00 ,0
7/18/2023,15,4,2,$150.00 ,$300.00 ,0
5/28/2024,2,12,10,$50.00 ,$500.00 ,0
10/20/2024,10,2,5,$120.00 ,$600.00 ,1
4/1/2024,11,1,6,$25.00 ,$150.00 ,0
12/31/2024,6,2,3,$120.00 ,$360.00 ,0
12/13/2023,15,14,2,$95.00 ,$190.00 ,0
8/8/2024,14,16,2,$50.00 ,$100.00 ,0
9/27/2024,11,1,4,$25.00 ,$100.00 ,0
6/10/2023,16,3,3,$20.00 ,$60.00 ,0
8/12/2024,14,13,1,$30.00 ,$30.00 ,0
2/2/2023,16,1,4,$25.00 ,$100.00 ,0
2/7/2024,13,6,2,$15.00 ,$30.00 ,0
7/17/2024,10,2,4,$120.00 ,$480.00 ,1
12/8/2024,4,2,10,$120.00 ,"$1,200.00 ",0
6/20/2023,13,6,8,$15.00 ,$120.00 ,0
2/25/2023,8,9,6,$110.00 ,$660.00 ,0
6/15/2024,14,12,9,$50.00 ,$450.00 ,0
7/10/2023,5,5,5,$80.00 ,$400.00 ,0
2/23/2023,13,16,1,$50.00 ,$50.00 ,0
2/7/2023,3,3,2,$20.00 ,$40.00 ,0
12/27/2024,18,14,8,$95.00 ,$760.00 ,0
6/2/2023,17,2,10,$120.00 ,"$1,200.00 ",0
10/23/2024,13,12,5,$50.00 ,$250.00 ,0
7/7/2024,1,5,3,$80.00 ,$240.00 ,0
6/21/2024,5,4,10,$150.00 ,"$1,500.00 ",0
11/25/2023,13,3,10,$20.00 ,$200.00 ,2
9/19/2023,17,13,1,$30.00 ,$30.00 ,0
2/13/2023,5,16,8,$50.00 ,$400.00 ,0
9/22/2024,4,2,7,$120.00 ,$840.00 ,0
10/21/2024,8,12,9,$50.00 ,$450.00 ,0
11/4/2024,14,2,2,$120.00 ,$240.00 ,0
11/28/2024,8,13,8,$30.00 ,$240.00 ,0
9/1/2024,1,4,1,$150.00 ,$150.00 ,0
3/23/2024,16,8,8,$25.00 ,$200.00 ,0
5/16/2024,6,1,4,$25.00 ,$100.00 ,0
7/1/2023,8,10,2,$100.00 ,$200.00 ,0
3/25/2024,7,7,8,$100.00 ,$800.00 ,0
2/18/2023,16,14,5,$95.00 ,$475.00 ,0
3/19/2024,4,16,2,$50.00 ,$100.00 ,0
10/6/2023,14,8,1,$25.00 ,$25.00 ,0
5/6/2024,14,15,2,$20.00 ,$40.00 ,0
2/9/2023,2,8,2,$25.00 ,$50.00 ,0
6/15/2024,15,1,3,$25.00 ,$75.00 ,0
12/14/2023,14,16,9,$50.00 ,$450.00 ,0
7/20/2023,10,4,4,$150.00 ,$600.00 ,0
12/20/2024,13,5,3,$80.00 ,$240.00 ,0
3/28/2023,14,8,7,$25.00 ,$175.00 ,0
4/26/2023,1,13,9,$30.00 ,$270.00 ,0
12/3/2023,10,5,5,$80.00 ,$400.00 ,0
9/22/2023,15,12,1,$50.00 ,$50.00 ,0
10/13/2023,1,16,1,$50.00 ,$50.00 ,0
2/10/2024,15,6,4,$15.00 ,$60.00 ,0
2/15/2023,1,13,4,$30.00 ,$120.00 ,0
9/17/2023,12,2,2,$120.00 ,$240.00 ,0
4/6/2024,10,15,6,$20.00 ,$120.00 ,0
8/3/2024,13,16,1,$50.00 ,$50.00 ,0
7/12/2024,15,8,6,$25.00 ,$150.00 ,0
7/14/2024,10,3,6,$20.00 ,$120.00 ,0
5/2/2023,9,16,3,$50.00 ,$150.00 ,0
5/4/2024,16,10,1,$100.00 ,$100.00 ,0
11/28/2024,17,6,3,$15.00 ,$45.00 ,0
5/25/2023,13,5,10,$80.00 ,$800.00 ,0
10/24/2023,18,14,2,$95.00 ,$190.00 ,0
2/8/2024,15,16,3,$50.00 ,$150.00 ,0
5/27/2023,17,14,1,$95.00 ,$95.00 ,0
4/11/2023,11,15,9,$20.00 ,$180.00 ,0
11/5/2024,11,2,8,$120.00 ,$960.00 ,1
11/22/2024,4,10,9,$100.00 ,$900.00 ,0
3/12/2023,4,11,1,$60.00 ,$60.00 ,0
2/10/2024,5,5,6,$80.00 ,$480.00 ,1
11/26/2024,4,15,8,$20.00 ,$160.00 ,0
9/6/2023,1,2,10,$120.00 ,"$1,200.00 ",0
9/16/2024,1,6,6,$15.00 ,$90.00 ,0
6/14/2023,9,7,9,$100.00 ,$900.00 ,2
2/14/2024,3,3,4,$20.00 ,$80.00 ,0
10/23/2023,1,16,1,$50.00 ,$50.00 ,0
7/2/2024,15,5,10,$80.00 ,$800.00 ,0
2/17/2024,1,4,5,$150.00 ,$750.00 ,0
5/30/2024,15,8,2,$25.00 ,$50.00 ,0
5/15/2024,7,16,3,$50.00 ,$150.00 ,0
3/6/2024,18,8,8,$25.00 ,$200.00 ,0
6/27/2024,9,5,2,$80.00 ,$160.00 ,0
10/29/2023,14,13,6,$30.00 ,$180.00 ,0
10/11/2024,7,11,2,$60.00 ,$120.00 ,0
8/9/2024,1,9,8,$110.00 ,$880.00 ,0
10/18/2024,5,10,4,$100.00 ,$400.00 ,1
1/16/2023,17,3,3,$20.00 ,$60.00 ,0
6/3/2024,8,10,7,$100.00 ,$700.00 ,0
8/31/2024,17,4,10,$150.00 ,"$1,500.00 ",0
10/13/2023,15,12,9,$50.00 ,$450.00 ,0
1/17/2023,9,15,4,$20.00 ,$80.00 ,0
8/31/2023,4,7,1,$100.00 ,$100.00 ,0
1/12/2023,7,15,4,$20.00 ,$80.00 ,0
2/2/2023,5,9,6,$110.00 ,$660.00 ,0
12/4/2023,18,14,3,$95.00 ,$285.00 ,1
1/16/2024,1,13,8,$30.00 ,$240.00 ,0
1/26/2024,5,14,8,$95.00 ,$760.00 ,0
6/26/2023,15,16,1,$50.00 ,$50.00 ,0
3/4/2024,8,2,1,$120.00 ,$120.00 ,0
10/29/2023,16,9,6,$110.00 ,$660.00 ,0
6/23/2023,16,14,2,$95.00 ,$190.00 ,0
9/2/2024,3,9,4,$110.00 ,$440.00 ,0
8/18/2023,1,16,2,$50.00 ,$100.00 ,0
6/9/2024,14,15,8,$20.00 ,$160.00 ,0
12/1/2023,4,15,3,$20.00 ,$60.00 ,0
8/19/2024,1,1,4,$25.00 ,$100.00 ,0
5/2/2023,11,14,5,$95.00 ,$475.00 ,0
6/22/2023,8,7,8,$100.00 ,$800.00 ,0
1/31/2023,13,13,1,$30.00 ,$30.00 ,0
11/6/2023,7,12,6,$50.00 ,$300.00 ,0
7/24/2023,13,10,5,$100.00 ,$500.00 ,0
2/21/2023,4,5,7,$80.00 ,$560.00 ,0
9/28/2023,7,15,9,$20.00 ,$180.00 ,0
6/7/2024,1,6,2,$15.00 ,$30.00 ,0
1/24/2023,14,15,2,$20.00 ,$40.00 ,0
12/21/2023,11,6,5,$15.00 ,$75.00 ,0
11/26/2023,10,1,8,$25.00 ,$200.00 ,2
6/13/2023,8,10,9,$100.00 ,$900.00 ,0
7/16/2024,4,10,1,$100.00 ,$100.00 ,0
7/20/2024,16,11,7,$60.00 ,$420.00 ,1
2/26/2023,11,3,7,$20.00 ,$140.00 ,0
2/10/2023,18,10,6,$100.00 ,$600.00 ,0
8/4/2024,15,3,10,$20.00 ,$200.00 ,0
4/20/2023,4,14,7,$95.00 ,$665.00 ,0
11/27/2024,8,15,1,$20.00 ,$20.00 ,0
11/28/2023,8,6,6,$15.00 ,$90.00 ,0
9/4/2023,11,11,3,$60.00 ,$180.00 ,0
10/2/2024,11,5,9,$80.00 ,$720.00 ,0
5/24/2024,7,6,9,$15.00 ,$135.00 ,0
4/17/2024,7,6,10,$15.00 ,$150.00 ,0
11/12/2024,17,15,8,$20.00 ,$160.00 ,0
6/3/2024,5,5,5,$80.00 ,$400.00 ,0
4/22/2024,3,15,6,$20.00 ,$120.00 ,0
1/4/2023,14,4,7,$150.00 ,"$1,050.00 ",0
6/21/2023,5,6,5,$15.00 ,$75.00 ,0
7/5/2023,17,15,2,$20.00 ,$40.00 ,0
8/31/2023,10,2,2,$120.00 ,$240.00 ,0
10/22/2024,2,2,2,$120.00 ,$240.00 ,0
6/28/2023,6,16,4,$50.00 ,$200.00 ,0
3/25/2023,5,5,6,$80.00 ,$480.00 ,2
10/13/2024,14,13,3,$30.00 ,$90.00 ,0
12/9/2023,2,14,9,$95.00 ,$855.00 ,0
8/6/2023,6,15,9,$20.00 ,$180.00 ,0
10/21/2023,5,1,8,$25.00 ,$200.00 ,0
12/7/2024,10,15,10,$20.00 ,$200.00 ,0
11/24/2024,7,16,6,$50.00 ,$300.00 ,0
4/6/2023,6,13,9,$30.00 ,$270.00 ,0
6/6/2024,15,16,1,$50.00 ,$50.00 ,0
7/20/2024,15,12,1,$50.00 ,$50.00 ,0
7/27/2024,1,16,7,$50.00 ,$350.00 ,0
10/19/2024,9,7,6,$100.00 ,$600.00 ,0
1/9/2024,7,6,3,$15.00 ,$45.00 ,0
11/23/2024,16,15,2,$20.00 ,$40.00 ,0
10/19/2024,9,13,2,$30.00 ,$60.00 ,0
4/20/2024,17,14,1,$95.00 ,$95.00 ,0
1/27/2023,15,15,6,$20.00 ,$120.00 ,0
11/3/2024,10,11,9,$60.00 ,$540.00 ,2
10/26/2023,16,13,9,$30.00 ,$270.00 ,0
8/12/2024,9,14,1,$95.00 ,$95.00 ,0
6/15/2023,12,13,7,$30.00 ,$210.00 ,0
5/27/2023,4,1,3,$25.00 ,$75.00 ,0
11/17/2023,4,8,5,$25.00 ,$125.00 ,1
5/24/2024,8,4,6,$150.00 ,$900.00 ,1
12/26/2024,16,12,5,$50.00 ,$250.00 ,1
8/3/2023,3,4,4,$150.00 ,$600.00 ,0
12/31/2024,16,16,1,$50.00 ,$50.00 ,0
1/19/2023,13,5,2,$80.00 ,$160.00 ,0
9/16/2023,18,7,5,$100.00 ,$500.00 ,0
11/1/2023,16,5,10,$80.00 ,$800.00 ,0
8/22/2023,14,15,3,$20.00 ,$60.00 ,1
9/2/2023,11,16,9,$50.00 ,$450.00 ,0
10/1/2023,5,7,9,$100.00 ,$900.00 ,2
3/27/2024,6,7,8,$100.00 ,$800.00 ,0
7/19/2024,16,7,3,$100.00 ,$300.00 ,0
9/7/2024,5,5,9,$80.00 ,$720.00 ,0
10/17/2023,17,13,5,$30.00 ,$150.00 ,0
8/8/2024,12,14,7,$95.00 ,$665.00 ,0
11/28/2024,6,14,10,$95.00 ,$950.00 ,0
2/28/2023,14,16,7,$50.00 ,$350.00 ,2
8/21/2023,15,16,10,$50.00 ,$500.00 ,0
4/5/2024,12,10,1,$100.00 ,$100.00 ,0
7/3/2024,15,14,8,$95.00 ,$760.00 ,0
3/22/2023,11,1,7,$25.00 ,$175.00 ,0
2/21/2023,6,7,8,$100.00 ,$800.00 ,0
10/28/2024,16,4,9,$150.00 ,"$1,350.00 ",0
9/25/2023,5,16,9,$50.00 ,$450.00 ,0
9/3/2024,18,5,3,$80.00 ,$240.00 ,0
12/1/2023,13,9,5,$110.00 ,$550.00 ,0
2/5/2023,18,6,3,$15.00 ,$45.00 ,0
8/26/2023,17,15,1,$20.00 ,$20.00 ,0
12/20/2023,13,1,1,$25.00 ,$25.00 ,0
6/29/2023,13,11,5,$60.00 ,$300.00 ,0
8/24/2024,3,1,4,$25.00 ,$100.00 ,0
4/12/2024,4,6,6,$15.00 ,$90.00 ,0
7/1/2024,14,9,5,$110.00 ,$550.00 ,0
8/23/2023,17,13,4,$30.00 ,$120.00 ,0
4/23/2024,11,2,4,$120.00 ,$480.00 ,0
2/10/2023,8,5,3,$80.00 ,$240.00 ,0
1/7/2023,18,5,1,$80.00 ,$80.00 ,0
6/19/2024,12,1,8,$25.00 ,$200.00 ,0
12/20/2024,11,3,7,$20.00 ,$140.00 ,0
1/19/2024,7,3,7,$20.00 ,$140.00 ,1
9/5/2023,15,16,9,$50.00 ,$450.00 ,0
8/14/2024,14,14,9,$95.00 ,$855.00 ,0
6/11/2024,2,1,9,$25.00 ,$225.00 ,0
11/4/2023,4,4,1,$150.00 ,$150.00 ,0
1/7/2024,12,9,4,$110.00 ,$440.00 ,0
11/1/2024,16,12,5,$50.00 ,$250.00 ,0
3/11/2024,5,7,3,$100.00 ,$300.00 ,0
11/24/2024,17,16,2,$50.00 ,$100.00 ,0
7/7/2024,12,2,4,$120.00 ,$480.00 ,0
2/15/2024,9,5,3,$80.00 ,$240.00 ,0
9/17/2024,1,8,5,$25.00 ,$125.00 ,0
8/16/2023,9,3,10,$20.00 ,$200.00 ,0
5/15/2023,18,8,3,$25.00 ,$75.00 ,0
11/28/2023,13,2,2,$120.00 ,$240.00 ,0
12/30/2023,12,4,10,$150.00 ,"$1,500.00 ",0
3/31/2024,7,13,5,$30.00 ,$150.00 ,1
12/31/2023,14,7,4,$100.00 ,$400.00 ,0
4/8/2023,5,14,9,$95.00 ,$855.00 ,0
6/19/2023,17,6,6,$15.00 ,$90.00 ,0
7/20/2024,5,11,1,$60.00 ,$60.00 ,0
5/15/2023,5,13,7,$30.00 ,$210.00 ,0
1/2/2023,11,11,6,$60.00 ,$360.00 ,0
1/6/2024,13,9,6,$110.00 ,$660.00 ,1
10/5/2023,18,12,2,$50.00 ,$100.00 ,0
1/4/2023,8,10,7,$100.00 ,$700.00 ,0
11/26/2024,7,2,8,$120.00 ,$960.00 ,0
11/19/2024,16,7,1,$100.00 ,$100.00 ,0
5/23/2024,12,13,2,$30.00 ,$60.00 ,0
8/27/2023,18,9,3,$110.00 ,$330.00 ,0
6/28/2024,6,1,2,$25.00 ,$50.00 ,0
5/13/2023,9,1,9,$25.00 ,$225.00 ,0
6/14/2024,12,8,6,$25.00 ,$150.00 ,0
10/9/2024,9,13,9,$30.00 ,$270.00 ,0
2/17/2024,16,1,3,$25.00 ,$75.00 ,0
12/24/2024,13,4,5,$150.00 ,$750.00 ,0
5/6/2023,7,5,7,$80.00 ,$560.00 ,0
9/7/2024,5,1,7,$25.00 ,$175.00 ,0
3/18/2024,15,3,3,$20.00 ,$60.00 ,0
10/21/2024,3,14,1,$95.00 ,$95.00 ,0
6/27/2023,8,11,9,$60.00 ,$540.00 ,1
6/5/2023,10,1,7,$25.00 ,$175.00 ,0
6/21/2024,8,13,6,$30.00 ,$180.00 ,0
12/16/2023,15,1,3,$25.00 ,$75.00 ,0
5/18/2023,11,4,5,$150.00 ,$750.00 ,0
12/30/2024,12,8,8,$25.00 ,$200.00 ,0
10/3/2024,14,6,2,$15.00 ,$30.00 ,0
11/19/2023,4,11,9,$60.00 ,$540.00 ,0
10/1/2023,7,11,6,$60.00 ,$360.00 ,0
10/31/2024,10,5,6,$80.00 ,$480.00 ,0
11/20/2023,2,15,4,$20.00 ,$80.00 ,0
11/4/2023,10,16,4,$50.00 ,$200.00 ,0
7/1/2024,5,8,9,$25.00 ,$225.00 ,0
8/30/2024,4,6,9,$15.00 ,$135.00 ,0
4/21/2023,15,10,4,$100.00 ,$400.00 ,0
9/15/2024,16,16,9,$50.00 ,$450.00 ,0
10/23/2024,18,2,7,$120.00 ,$840.00 ,0
8/28/2023,3,13,6,$30.00 ,$180.00 ,2
2/21/2024,4,11,8,$60.00 ,$480.00 ,0
9/4/2024,11,9,9,$110.00 ,$990.00 ,0
4/3/2023,13,6,8,$15.00 ,$120.00 ,0
6/9/2023,18,16,10,$50.00 ,$500.00 ,0
12/23/2023,11,16,8,$50.00 ,$400.00 ,0
4/29/2023,4,14,7,$95.00 ,$665.00 ,0
10/14/2023,12,5,5,$80.00 ,$400.00 ,0
2/5/2024,10,16,8,$50.00 ,$400.00 ,3
8/8/2023,8,12,8,$50.00 ,$400.00 ,0
9/13/2023,18,6,2,$15.00 ,$30.00 ,0
11/18/2024,5,1,10,$25.00 ,$250.00 ,0
12/11/2024,12,5,8,$80.00 ,$640.00 ,0
11/29/2024,5,11,3,$60.00 ,$180.00 ,0
1/17/2024,2,4,1,$150.00 ,$150.00 ,0
5/10/2024,17,5,10,$80.00 ,$800.00 ,0
3/2/2023,12,6,4,$15.00 ,$60.00 ,0
4/2/2024,15,3,7,$20.00 ,$140.00 ,0
8/15/2023,10,5,9,$80.00 ,$720.00 ,0
2/22/2023,13,1,8,$25.00 ,$200.00 ,0
10/27/2023,11,14,5,$95.00 ,$475.00 ,0
1/13/2023,15,15,8,$20.00 ,$160.00 ,0
6/9/2024,18,14,10,$95.00 ,$950.00 ,0
7/9/2023,10,6,5,$15.00 ,$75.00 ,0
1/10/2024,8,8,8,$25.00 ,$200.00 ,0
3/20/2024,14,11,7,$60.00 ,$420.00 ,0
1/27/2023,15,7,4,$100.00 ,$400.00 ,0
10/1/2023,11,14,8,$95.00 ,$760.00 ,0
2/20/2023,1,10,3,$100.00 ,$300.00 ,0
6/26/2024,10,8,9,$25.00 ,$225.00 ,0
2/16/2024,17,12,3,$50.00 ,$150.00 ,0
10/21/2024,9,8,6,$25.00 ,$150.00 ,0
9/3/2023,6,13,8,$30.00 ,$240.00 ,0
2/17/2024,1,3,3,$20.00 ,$60.00 ,0
7/20/2023,7,9,2,$110.00 ,$220.00 ,0
6/3/2023,7,16,5,$50.00 ,$250.00 ,0
12/28/2023,10,8,8,$25.00 ,$200.00 ,0
4/4/2023,4,8,8,$25.00 ,$200.00 ,0
8/15/2024,13,15,5,$20.00 ,$100.00 ,0
11/24/2024,9,15,1,$20.00 ,$20.00 ,0
11/13/2024,1,5,3,$80.00 ,$240.00 ,0
8/3/2024,1,13,3,$30.00 ,$90.00 ,0
8/11/2024,3,7,5,$100.00 ,$500.00 ,0
8/14/2023,14,1,7,$25.00 ,$175.00 ,0
10/19/2023,2,4,2,$150.00 ,$300.00 ,0
10/27/2024,12,12,10,$50.00 ,$500.00 ,0
3/21/2023,9,10,8,$100.00 ,$800.00 ,0
8/12/2024,7,12,8,$50.00 ,$400.00 ,0
12/12/2023,7,6,5,$15.00 ,$75.00 ,0
2/19/2024,5,4,7,$150.00 ,"$1,050.00 ",0
11/17/2024,10,12,9,$50.00 ,$450.00 ,0
4/4/2023,4,11,3,$60.00 ,$180.00 ,0
10/13/2023,5,9,1,$110.00 ,$110.00 ,0
6/8/2024,11,16,6,$50.00 ,$300.00 ,0
1/12/2024,16,10,6,$100.00 ,$600.00 ,0
7/25/2023,11,3,6,$20.00 ,$120.00 ,0
7/25/2024,11,4,8,$150.00 ,"$1,200.00 ",0
11/9/2023,12,1,10,$25.00 ,$250.00 ,0
5/21/2023,5,10,1,$100.00 ,$100.00 ,0
3/30/2023,2,15,3,$20.00 ,$60.00 ,1
12/10/2024,5,3,2,$20.00 ,$40.00 ,0
5/5/2024,2,12,9,$50.00 ,$450.00 ,0
2/16/2024,4,13,3,$30.00 ,$90.00 ,0
2/17/2023,17,2,3,$120.00 ,$360.00 ,0
8/3/2024,9,8,3,$25.00 ,$75.00 ,0
9/13/2024,13,9,9,$110.00 ,$990.00 ,3
11/28/2024,10,5,2,$80.00 ,$160.00 ,0
7/20/2023,1,16,10,$50.00 ,$500.00 ,0
2/24/2024,7,5,8,$80.00 ,$640.00 ,0
11/22/2024,11,11,6,$60.00 ,$360.00 ,0
7/23/2024,18,6,7,$15.00 ,$105.00 ,0
11/15/2023,6,11,4,$60.00 ,$240.00 ,0
11/22/2023,13,10,9,$100.00 ,$900.00 ,0
9/2/2023,8,6,3,$15.00 ,$45.00 ,0
3/27/2024,3,9,5,$110.00 ,$550.00 ,0
10/14/2024,15,13,10,$30.00 ,$300.00 ,0
12/15/2023,3,6,3,$15.00 ,$45.00 ,0
11/26/2023,12,11,10,$60.00 ,$600.00 ,0
7/3/2024,5,15,3,$20.00 ,$60.00 ,0
12/9/2024,5,1,8,$25.00 ,$200.00 ,0
9/15/2023,10,9,3,$110.00 ,$330.00 ,0
4/5/2023,10,13,9,$30.00 ,$270.00 ,0
1/31/2023,9,15,5,$20.00 ,$100.00 ,0
11/3/2024,1,11,1,$60.00 ,$60.00 ,0
2/20/2023,11,7,3,$100.00 ,$300.00 ,0
11/6/2023,11,1,10,$25.00 ,$250.00 ,0
5/4/2024,8,15,8,$20.00 ,$160.00 ,0
8/29/2024,7,8,8,$25.00 ,$200.00 ,0
9/22/2024,8,14,8,$95.00 ,$760.00 ,0
1/22/2024,4,9,3,$110.00 ,$330.00 ,0
1/7/2023,13,11,4,$60.00 ,$240.00 ,0
10/9/2024,7,1,6,$25.00 ,$150.00 ,0
12/21/2023,6,12,3,$50.00 ,$150.00 ,0
9/26/2023,9,8,10,$25.00 ,$250.00 ,0
12/23/2024,2,16,5,$50.00 ,$250.00 ,0
3/4/2023,4,6,4,$15.00 ,$60.00 ,0
7/4/2023,3,1,5,$25.00 ,$125.00 ,0
4/14/2024,18,16,10,$50.00 ,$500.00 ,0
5/26/2024,4,8,9,$25.00 ,$225.00 ,0
1/2/2023,15,4,3,$150.00 ,$450.00 ,0
1/1/2024,9,13,3,$30.00 ,$90.00 ,0
1/27/2023,8,4,1,$150.00 ,$150.00 ,0
7/23/2023,12,14,6,$95.00 ,$570.00 ,0
6/29/2024,18,7,2,$100.00 ,$200.00 ,0
7/30/2024,17,12,6,$50.00 ,$300.00 ,0
5/3/2024,7,1,5,$25.00 ,$125.00 ,0
7/21/2023,9,13,4,$30.00 ,$120.00 ,0
3/24/2023,17,16,3,$50.00 ,$150.00 ,0
11/4/2024,14,15,1,$20.00 ,$20.00 ,0
12/8/2023,10,9,9,$110.00 ,$990.00 ,0
1/27/2023,6,1,2,$25.00 ,$50.00 ,0
12/9/2023,16,14,10,$95.00 ,$950.00 ,0
12/21/2024,15,4,3,$150.00 ,$450.00 ,0
9/18/2023,7,9,5,$110.00 ,$550.00 ,0
6/15/2024,18,8,2,$25.00 ,$50.00 ,0
4/18/2023,15,15,4,$20.00 ,$80.00 ,0
2/3/2023,7,12,6,$50.00 ,$300.00 ,0
1/29/2023,17,14,3,$95.00 ,$285.00 ,0
12/2/2023,2,8,2,$25.00 ,$50.00 ,0
4/18/2023,14,9,3,$110.00 ,$330.00 ,0
3/12/2024,10,8,8,$25.00 ,$200.00 ,0
11/11/2023,17,14,10,$95.00 ,$950.00 ,0
1/14/2024,4,5,8,$80.00 ,$640.00 ,0
10/2/2023,14,5,5,$80.00 ,$400.00 ,0
10/22/2023,1,7,5,$100.00 ,$500.00 ,0
2/21/2024,3,5,7,$80.00 ,$560.00 ,1
2/12/2023,9,10,7,$100.00 ,$700.00 ,2
6/20/2023,5,2,5,$120.00 ,$600.00 ,0
2/15/2023,6,9,7,$110.00 ,$770.00 ,0
4/8/2023,3,11,5,$60.00 ,$300.00 ,0
6/8/2023,15,3,6,$20.00 ,$120.00 ,0
5/31/2024,17,4,8,$150.00 ,"$1,200.00 ",0
8/19/2024,6,2,3,$120.00 ,$360.00 ,0
3/2/2024,15,6,7,$15.00 ,$105.00 ,0
11/30/2024,4,5,6,$80.00 ,$480.00 ,0
1/26/2024,16,4,5,$150.00 ,$750.00 ,1
11/16/2024,14,16,2,$50.00 ,$100.00 ,0
1/26/2024,14,10,1,$100.00 ,$100.00 ,0
11/2/2023,18,16,3,$50.00 ,$150.00 ,1
10/12/2024,16,10,2,$100.00 ,$200.00 ,0
5/11/2024,7,4,8,$150.00 ,"$1,200.00 ",0
7/14/2024,4,7,7,$100.00 ,$700.00 ,0
3/16/2024,5,4,8,$150.00 ,"$1,200.00 ",0
12/26/2024,18,15,2,$20.00 ,$40.00 ,0
12/14/2023,11,13,9,$30.00 ,$270.00 ,0
10/28/2023,17,6,1,$15.00 ,$15.00 ,0
7/22/2024,4,10,7,$100.00 ,$700.00 ,0
5/2/2023,18,12,10,$50.00 ,$500.00 ,0
3/18/2024,3,1,8,$25.00 ,$200.00 ,0
5/6/2023,8,5,9,$80.00 ,$720.00 ,1
8/11/2024,15,3,7,$20.00 ,$140.00 ,0
6/3/2023,5,15,1,$20.00 ,$20.00 ,0
2/24/2024,2,2,7,$120.00 ,$840.00 ,0
1/17/2024,1,14,3,$95.00 ,$285.00 ,0
7/25/2024,11,8,6,$25.00 ,$150.00 ,0
5/9/2024,2,4,1,$150.00 ,$150.00 ,0
2/20/2024,13,8,3,$25.00 ,$75.00 ,0
11/25/2023,1,8,3,$25.00 ,$75.00 ,0
11/17/2024,9,7,5,$100.00 ,$500.00 ,0
11/5/2023,13,15,7,$20.00 ,$140.00 ,0
6/4/2024,14,2,4,$120.00 ,$480.00 ,0
10/7/2023,14,6,1,$15.00 ,$15.00 ,0
11/10/2023,17,9,10,$110.00 ,"$1,100.00 ",0
1/16/2024,3,15,6,$20.00 ,$120.00 ,0
1/6/2024,6,1,2,$25.00 ,$50.00 ,0
4/10/2024,8,8,8,$25.00 ,$200.00 ,0
8/31/2024,13,8,10,$25.00 ,$250.00 ,0
2/14/2024,12,3,8,$20.00 ,$160.00 ,0
4/14/2023,9,11,8,$60.00 ,$480.00 ,0
1/31/2024,16,5,4,$80.00 ,$320.00 ,0
4/10/2023,10,13,1,$30.00 ,$30.00 ,0
2/1/2023,3,13,6,$30.00 ,$180.00 ,0
9/18/2023,14,7,3,$100.00 ,$300.00 ,0
6/23/2023,1,12,10,$50.00 ,$500.00 ,0
3/28/2024,14,14,1,$95.00 ,$95.00 ,0
4/2/2023,1,3,9,$20.00 ,$180.00 ,0
9/4/2023,8,9,2,$110.00 ,$220.00 ,0
7/17/2024,2,3,9,$20.00 ,$180.00 ,0
2/8/2023,5,3,2,$20.00 ,$40.00 ,0
12/6/2023,14,8,9,$25.00 ,$225.00 ,0
5/8/2024,3,16,4,$50.00 ,$200.00 ,0
2/23/2024,1,1,3,$25.00 ,$75.00 ,0
2/3/2024,8,10,5,$100.00 ,$500.00 ,0
9/11/2023,3,8,3,$25.00 ,$75.00 ,1
4/14/2024,11,8,6,$25.00 ,$150.00 ,0
7/20/2024,1,1,6,$25.00 ,$150.00 ,0
10/7/2024,15,12,8,$50.00 ,$400.00 ,0
1/1/2024,17,9,8,$110.00 ,$880.00 ,0
2/14/2023,16,13,3,$30.00 ,$90.00 ,0
10/8/2023,1,8,8,$25.00 ,$200.00 ,0
4/13/2023,10,1,10,$25.00 ,$250.00 ,2
2/10/2023,16,16,3,$50.00 ,$150.00 ,0
9/16/2023,13,4,1,$150.00 ,$150.00 ,0
1/27/2023,4,1,8,$25.00 ,$200.00 ,0
12/5/2024,18,10,5,$100.00 ,$500.00 ,0
8/5/2023,6,10,10,$100.00 ,"$1,000.00 ",0
11/25/2023,1,12,1,$50.00 ,$50.00 ,0
3/4/2024,14,8,1,$25.00 ,$25.00 ,0
7/20/2024,8,4,7,$150.00 ,"$1,050.00 ",0
11/21/2023,14,6,7,$15.00 ,$105.00 ,1
2/16/2024,17,10,6,$100.00 ,$600.00 ,0
9/15/2024,7,5,2,$80.00 ,$160.00 ,0
6/27/2024,18,7,8,$100.00 ,$800.00 ,0
1/5/2023,4,4,4,$150.00 ,$600.00 ,1
2/7/2023,13,3,3,$20.00 ,$60.00 ,0
4/6/2024,1,1,5,$25.00 ,$125.00 ,0
11/28/2023,13,3,6,$20.00 ,$120.00 ,0
2/27/2023,6,12,5,$50.00 ,$250.00 ,0
11/1/2024,12,11,4,$60.00 ,$240.00 ,0
6/26/2024,8,5,5,$80.00 ,$400.00 ,0
9/3/2023,8,6,4,$15.00 ,$60.00 ,0
5/3/2024,11,3,5,$20.00 ,$100.00 ,0
4/27/2023,11,11,7,$60.00 ,$420.00 ,0
6/27/2024,4,7,2,$100.00 ,$200.00 ,0
7/26/2024,13,12,10,$50.00 ,$500.00 ,0
7/30/2023,14,9,1,$110.00 ,$110.00 ,0
4/12/2024,15,14,10,$95.00 ,$950.00 ,0
4/28/2023,7,6,3,$15.00 ,$45.00 ,0
5/26/2023,6,6,3,$15.00 ,$45.00 ,0
9/3/2024,16,16,10,$50.00 ,$500.00 ,0
11/29/2023,12,2,10,$120.00 ,"$1,200.00 ",0
3/2/2024,15,8,2,$25.00 ,$50.00 ,0
3/24/2023,8,16,3,$50.00 ,$150.00 ,0
5/1/2023,5,13,6,$30.00 ,$180.00 ,2
9/9/2024,12,5,7,$80.00 ,$560.00 ,0
9/28/2023,2,13,6,$30.00 ,$180.00 ,0
6/19/2023,5,4,8,$150.00 ,"$1,200.00 ",0
6/12/2023,17,9,2,$110.00 ,$220.00 ,0
8/13/2024,3,13,8,$30.00 ,$240.00 ,0
6/15/2023,12,14,1,$95.00 ,$95.00 ,0
3/11/2023,12,6,2,$15.00 ,$30.00 ,0
12/12/2023,3,15,5,$20.00 ,$100.00 ,0
1/6/2024,4,14,5,$95.00 ,$475.00 ,0
9/25/2024,18,2,7,$120.00 ,$840.00 ,1
12/11/2024,15,8,3,$25.00 ,$75.00 ,0
11/18/2023,7,9,2,$110.00 ,$220.00 ,0
11/17/2023,14,5,9,$80.00 ,$720.00 ,0
5/10/2024,18,13,7,$30.00 ,$210.00 ,0
10/12/2023,11,9,3,$110.00 ,$330.00 ,0
4/23/2023,7,6,5,$15.00 ,$75.00 ,0
10/29/2024,17,14,6,$95.00 ,$570.00 ,0
3/19/2024,18,4,5,$150.00 ,$750.00 ,0
1/26/2024,7,15,5,$20.00 ,$100.00 ,0
2/19/2024,11,7,3,$100.00 ,$300.00 ,0
7/18/2024,17,14,4,$95.00 ,$380.00 ,0
4/17/2023,5,1,5,$25.00 ,$125.00 ,0
9/20/2023,8,14,10,$95.00 ,$950.00 ,0
7/10/2023,10,16,9,$50.00 ,$450.00 ,0
11/16/2024,10,8,2,$25.00 ,$50.00 ,0
9/10/2024,4,15,10,$20.00 ,$200.00 ,0
6/25/2023,14,10,1,$100.00 ,$100.00 ,0
6/10/2024,8,4,10,$150.00 ,"$1,500.00 ",0
2/10/2024,12,11,3,$60.00 ,$180.00 ,0
1/23/2024,9,14,5,$95.00 ,$475.00 ,0
10/31/2023,15,11,6,$60.00 ,$360.00 ,0
12/28/2023,15,11,7,$60.00 ,$420.00 ,0
9/2/2023,10,8,2,$25.00 ,$50.00 ,0
10/28/2024,15,12,1,$50.00 ,$50.00 ,0
11/8/2023,13,1,1,$25.00 ,$25.00 ,0
10/23/2024,18,5,2,$80.00 ,$160.00 ,0
6/2/2024,8,8,8,$25.00 ,$200.00 ,0
1/16/2024,18,10,4,$100.00 ,$400.00 ,0
8/27/2023,4,16,6,$50.00 ,$300.00 ,0
11/30/2024,14,10,6,$100.00 ,$600.00 ,0
1/27/2024,2,12,5,$50.00 ,$250.00 ,0
2/20/2023,9,12,2,$50.00 ,$100.00 ,0
8/1/2023,1,10,5,$100.00 ,$500.00 ,0
9/24/2024,14,5,3,$80.00 ,$240.00 ,0
6/28/2023,8,11,8,$60.00 ,$480.00 ,0
5/23/2023,10,9,4,$110.00 ,$440.00 ,0
11/20/2023,5,3,1,$20.00 ,$20.00 ,0
2/18/2023,14,1,6,$25.00 ,$150.00 ,0
6/4/2024,8,6,10,$15.00 ,$150.00 ,0
4/12/2023,17,11,10,$60.00 ,$600.00 ,0
11/7/2023,18,15,10,$20.00 ,$200.00 ,0
6/11/2024,10,14,5,$95.00 ,$475.00 ,0
8/14/2023,18,16,3,$50.00 ,$150.00 ,0
11/10/2024,16,6,6,$15.00 ,$90.00 ,0
8/1/2023,13,15,1,$20.00 ,$20.00 ,0
8/5/2024,1,15,5,$20.00 ,$100.00 ,0
4/21/2023,18,1,2,$25.00 ,$50.00 ,0
10/3/2023,8,13,8,$30.00 ,$240.00 ,0
2/27/2024,16,16,8,$50.00 ,$400.00 ,0
11/29/2024,4,8,7,$25.00 ,$175.00 ,0
6/27/2023,4,4,7,$150.00 ,"$1,050.00 ",1
4/11/2023,16,10,6,$100.00 ,$600.00 ,0
12/27/2024,10,11,10,$60.00 ,$600.00 ,0
7/22/2023,13,3,7,$20.00 ,$140.00 ,0
9/22/2023,14,5,9,$80.00 ,$720.00 ,0
5/13/2024,5,15,1,$20.00 ,$20.00 ,0
8/4/2024,8,9,2,$110.00 ,$220.00 ,0
6/7/2023,14,12,10,$50.00 ,$500.00 ,1
6/4/2023,3,12,7,$50.00 ,$350.00 ,2
4/17/2023,5,13,9,$30.00 ,$270.00 ,0
10/10/2024,5,3,2,$20.00 ,$40.00 ,0
6/6/2023,11,1,3,$25.00 ,$75.00 ,1
12/19/2024,14,12,2,$50.00 ,$100.00 ,0
6/14/2024,12,6,4,$15.00 ,$60.00 ,0
12/18/2024,4,5,7,$80.00 ,$560.00 ,0
12/30/2023,15,14,7,$95.00 ,$665.00 ,2
3/22/2023,18,10,8,$100.00 ,$800.00 ,0
9/1/2023,11,5,5,$80.00 ,$400.00 ,0
3/21/2024,10,6,3,$15.00 ,$45.00 ,0
8/20/2024,17,2,9,$120.00 ,"$1,080.00 ",0
7/21/2024,10,11,7,$60.00 ,$420.00 ,0
6/11/2023,5,4,5,$150.00 ,$750.00 ,0
3/18/2023,5,13,6,$30.00 ,$180.00 ,0
8/13/2023,1,11,2,$60.00 ,$120.00 ,0
12/26/2023,14,8,9,$25.00 ,$225.00 ,0
12/4/2024,4,2,1,$120.00 ,$120.00 ,0
6/7/2023,12,11,7,$60.00 ,$420.00 ,1
9/2/2024,5,3,5,$20.00 ,$100.00 ,0
9/5/2023,3,10,2,$100.00 ,$200.00 ,0
3/1/2023,4,10,8,$100.00 ,$800.00 ,2
9/5/2023,13,11,1,$60.00 ,$60.00 ,0
7/8/2024,1,7,7,$100.00 ,$700.00 ,0
3/28/2024,18,12,3,$50.00 ,$150.00 ,0
7/10/2024,9,11,7,$60.00 ,$420.00 ,0
8/15/2023,15,5,7,$80.00 ,$560.00 ,0
2/16/2024,14,5,6,$80.00 ,$480.00 ,0
1/13/2024,1,3,8,$20.00 ,$160.00 ,0
6/23/2023,18,3,5,$20.00 ,$100.00 ,0
3/9/2023,17,12,3,$50.00 ,$150.00 ,0
6/18/2023,15,7,7,$100.00 ,$700.00 ,0
3/29/2023,3,6,8,$15.00 ,$120.00 ,0
1/16/2024,11,14,6,$95.00 ,$570.00 ,0
1/17/2024,11,14,6,$95.00 ,$570.00 ,0
8/4/2023,1,7,7,$100.00 ,$700.00 ,0
11/1/2024,12,16,2,$50.00 ,$100.00 ,0
7/8/2023,3,2,2,$120.00 ,$240.00 ,0
10/5/2024,12,13,3,$30.00 ,$90.00 ,0
8/29/2023,8,5,7,$80.00 ,$560.00 ,0
4/30/2023,13,16,7,$50.00 ,$350.00 ,0
9/14/2024,2,15,10,$20.00 ,$200.00 ,0
11/23/2023,4,4,3,$150.00 ,$450.00 ,0
3/20/2024,13,1,8,$25.00 ,$200.00 ,0
8/22/2024,17,8,3,$25.00 ,$75.00 ,0
10/12/2023,16,5,3,$80.00 ,$240.00 ,0
10/15/2023,10,10,3,$100.00 ,$300.00 ,0
5/17/2024,3,14,8,$95.00 ,$760.00 ,0
11/9/2023,4,15,5,$20.00 ,$100.00 ,0
10/19/2024,1,13,9,$30.00 ,$270.00 ,0
3/3/2024,10,7,5,$100.00 ,$500.00 ,0
8/5/2023,7,4,3,$150.00 ,$450.00 ,0
3/18/2024,7,7,1,$100.00 ,$100.00 ,0
12/6/2024,5,8,9,$25.00 ,$225.00 ,0
1/2/2023,15,9,7,$110.00 ,$770.00 ,0
4/17/2024,12,5,3,$80.00 ,$240.00 ,0
1/23/2024,7,10,8,$100.00 ,$800.00 ,0
10/14/2024,6,12,4,$50.00 ,$200.00 ,0
8/2/2023,13,15,10,$20.00 ,$200.00 ,0
11/8/2024,9,13,1,$30.00 ,$30.00 ,0
1/24/2024,7,12,4,$50.00 ,$200.00 ,0
8/28/2023,12,6,10,$15.00 ,$150.00 ,0
5/19/2024,12,2,10,$120.00 ,"$1,200.00 ",0
1/18/2024,17,16,1,$50.00 ,$50.00 ,0
10/8/2024,13,8,3,$25.00 ,$75.00 ,0
11/25/2024,5,2,6,$120.00 ,$720.00 ,0
10/24/2024,14,16,10,$50.00 ,$500.00 ,0
9/3/2023,11,3,1,$20.00 ,$20.00 ,0
8/31/2023,13,13,8,$30.00 ,$240.00 ,0
3/4/2024,3,9,7,$110.00 ,$770.00 ,2
2/6/2023,13,10,4,$100.00 ,$400.00 ,0
4/6/2024,1,13,6,$30.00 ,$180.00 ,0
2/24/2023,2,7,8,$100.00 ,$800.00 ,0
5/26/2023,8,4,10,$150.00 ,"$1,500.00 ",0
6/5/2023,1,8,2,$25.00 ,$50.00 ,0
5/21/2024,3,16,9,$50.00 ,$450.00 ,0
12/2/2023,11,6,4,$15.00 ,$60.00 ,0
3/18/2024,18,1,4,$25.00 ,$100.00 ,0
2/24/2023,6,11,3,$60.00 ,$180.00 ,0
3/9/2023,18,15,7,$20.00 ,$140.00 ,0
4/19/2023,5,4,4,$150.00 ,$600.00 ,0
8/29/2023,2,13,4,$30.00 ,$120.00 ,0
2/7/2024,6,12,8,$50.00 ,$400.00 ,0
4/1/2024,10,4,2,$150.00 ,$300.00 ,0
8/17/2024,5,8,2,$25.00 ,$50.00 ,0
9/15/2024,8,13,1,$30.00 ,$30.00 ,0
5/7/2024,3,4,10,$150.00 ,"$1,500.00 ",0
5/8/2024,7,6,3,$15.00 ,$45.00 ,0
7/12/2024,18,5,8,$80.00 ,$640.00 ,0
7/4/2023,6,3,2,$20.00 ,$40.00 ,0
12/16/2023,9,7,1,$100.00 ,$100.00 ,0
10/30/2024,11,3,3,$20.00 ,$60.00 ,0
5/24/2023,14,16,9,$50.00 ,$450.00 ,0
1/26/2023,16,1,3,$25.00 ,$75.00 ,0
1/16/2024,15,13,2,$30.00 ,$60.00 ,0
5/7/2024,12,2,9,$120.00 ,"$1,080.00 ",0
8/8/2023,7,14,5,$95.00 ,$475.00 ,0
10/6/2023,8,5,10,$80.00 ,$800.00 ,0
12/16/2023,1,14,6,$95.00 ,$570.00 ,0
9/18/2024,18,9,1,$110.00 ,$110.00 ,0
5/4/2023,16,9,7,$110.00 ,$770.00 ,0
5/2/2023,5,4,6,$150.00 ,$900.00 ,0
1/13/2023,16,2,1,$120.00 ,$120.00 ,0
11/18/2023,10,6,4,$15.00 ,$60.00 ,0
11/26/2023,14,4,2,$150.00 ,$300.00 ,0
5/22/2024,17,9,5,$110.00 ,$550.00 ,0
5/21/2023,6,14,2,$95.00 ,$190.00 ,0
8/2/2024,2,13,1,$30.00 ,$30.00 ,0
10/12/2023,3,16,9,$50.00 ,$450.00 ,0
10/4/2023,8,12,8,$50.00 ,$400.00 ,0
3/1/2024,4,9,3,$110.00 ,$330.00 ,0
5/31/2023,10,15,2,$20.00 ,$40.00 ,0
10/12/2023,8,6,1,$15.00 ,$15.00 ,0
9/22/2024,3,10,7,$100.00 ,$700.00 ,0
6/2/2023,13,9,2,$110.00 ,$220.00 ,0
11/5/2023,12,15,1,$20.00 ,$20.00 ,0
3/6/2023,2,15,3,$20.00 ,$60.00 ,0
4/17/2023,1,11,10,$60.00 ,$600.00 ,2
9/14/2024,9,16,7,$50.00 ,$350.00 ,0
9/8/2024,14,13,2,$30.00 ,$60.00 ,0
4/23/2024,11,12,6,$50.00 ,$300.00 ,0
5/18/2024,18,10,6,$100.00 ,$600.00 ,0
2/14/2023,8,11,3,$60.00 ,$180.00 ,0
2/1/2024,2,11,5,$60.00 ,$300.00 ,2
12/3/2023,14,11,9,$60.00 ,$540.00 ,0
8/28/2024,5,1,4,$25.00 ,$100.00 ,0
4/26/2023,13,4,2,$150.00 ,$300.00 ,0
7/31/2023,7,6,3,$15.00 ,$45.00 ,0
10/9/2023,15,15,1,$20.00 ,$20.00 ,0
11/28/2024,4,3,4,$20.00 ,$80.00 ,0
10/14/2024,12,9,6,$110.00 ,$660.00 ,0
2/23/2023,10,2,5,$120.00 ,$600.00 ,0
5/28/2024,3,14,9,$95.00 ,$855.00 ,0
10/31/2023,6,3,8,$20.00 ,$160.00 ,0
7/14/2024,15,13,4,$30.00 ,$120.00 ,0
9/9/2024,17,8,3,$25.00 ,$75.00 ,0
7/21/2023,8,15,5,$20.00 ,$100.00 ,0
6/11/2023,4,12,8,$50.00 ,$400.00 ,0
12/11/2023,14,15,9,$20.00 ,$180.00 ,0
10/8/2024,10,10,9,$100.00 ,$900.00 ,0
3/22/2024,5,6,4,$15.00 ,$60.00 ,0
6/8/2024,11,9,1,$110.00 ,$110.00 ,0
9/19/2023,11,11,5,$60.00 ,$300.00 ,0
11/20/2024,15,1,9,$25.00 ,$225.00 ,0
8/30/2023,2,6,7,$15.00 ,$105.00 ,0
6/17/2024,17,9,8,$110.00 ,$880.00 ,0
1/26/2024,4,3,8,$20.00 ,$160.00 ,1
11/7/2024,3,5,4,$80.00 ,$320.00 ,0
5/19/2024,18,15,1,$20.00 ,$20.00 ,0
3/9/2023,15,4,6,$150.00 ,$900.00 ,0
8/14/2024,11,14,4,$95.00 ,$380.00 ,0
1/16/2024,18,8,2,$25.00 ,$50.00 ,0
9/15/2023,7,10,3,$100.00 ,$300.00 ,0
7/18/2023,5,10,4,$100.00 ,$400.00 ,0
12/1/2024,1,5,5,$80.00 ,$400.00 ,0
7/18/2023,17,7,7,$100.00 ,$700.00 ,0
11/19/2024,8,5,2,$80.00 ,$160.00 ,0
9/22/2024,8,11,1,$60.00 ,$60.00 ,0
7/28/2024,15,13,4,$30.00 ,$120.00 ,0
12/18/2024,15,13,2,$30.00 ,$60.00 ,0
1/8/2023,7,16,5,$50.00 ,$250.00 ,1
1/18/2023,3,14,8,$95.00 ,$760.00 ,0
10/30/2023,4,3,8,$20.00 ,$160.00 ,0
7/29/2023,1,7,6,$100.00 ,$600.00 ,0
11/9/2023,16,1,10,$25.00 ,$250.00 ,0
3/24/2023,2,4,1,$150.00 ,$150.00 ,0
11/19/2023,4,6,6,$15.00 ,$90.00 ,0
1/9/2024,4,11,8,$60.00 ,$480.00 ,0
7/22/2023,8,5,3,$80.00 ,$240.00 ,0
11/13/2023,5,12,5,$50.00 ,$250.00 ,0
8/12/2023,13,3,6,$20.00 ,$120.00 ,0
8/20/2023,6,11,6,$60.00 ,$360.00 ,0
2/7/2023,17,6,8,$15.00 ,$120.00 ,0
11/11/2023,3,13,3,$30.00 ,$90.00 ,0
12/4/2023,5,14,1,$95.00 ,$95.00 ,0
12/1/2024,2,11,4,$60.00 ,$240.00 ,0
4/27/2023,12,5,9,$80.00 ,$720.00 ,0
8/27/2023,3,2,2,$120.00 ,$240.00 ,0
3/29/2024,2,1,7,$25.00 ,$175.00 ,0
2/1/2024,7,5,4,$80.00 ,$320.00 ,0
5/1/2024,13,10,9,$100.00 ,$900.00 ,0
6/7/2024,17,1,3,$25.00 ,$75.00 ,0
7/15/2023,6,7,1,$100.00 ,$100.00 ,0
6/3/2024,6,12,5,$50.00 ,$250.00 ,0
4/2/2023,6,6,2,$15.00 ,$30.00 ,0
8/9/2024,9,15,7,$20.00 ,$140.00 ,0
1/8/2024,3,3,4,$20.00 ,$80.00 ,0
8/8/2024,8,2,2,$120.00 ,$240.00 ,0
9/18/2024,9,13,2,$30.00 ,$60.00 ,0
9/25/2024,7,3,1,$20.00 ,$20.00 ,0
2/25/2024,8,11,8,$60.00 ,$480.00 ,0
6/29/2023,4,6,7,$15.00 ,$105.00 ,0
5/20/2023,10,8,8,$25.00 ,$200.00 ,0
9/8/2024,16,3,6,$20.00 ,$120.00 ,0
10/22/2023,2,12,4,$50.00 ,$200.00 ,0
2/21/2023,6,1,1,$25.00 ,$25.00 ,0
3/5/2023,4,11,4,$60.00 ,$240.00 ,0
9/9/2024,11,8,5,$25.00 ,$125.00 ,0
5/21/2023,11,1,8,$25.00 ,$200.00 ,0
3/20/2023,11,12,1,$50.00 ,$50.00 ,0
10/24/2023,16,8,6,$25.00 ,$150.00 ,0
4/3/2023,7,14,3,$95.00 ,$285.00 ,0
10/6/2023,15,12,6,$50.00 ,$300.00 ,0
5/14/2023,11,8,9,$25.00 ,$225.00 ,0
7/11/2023,8,10,5,$100.00 ,$500.00 ,0
1/17/2024,10,6,7,$15.00 ,$105.00 ,0
1/5/2024,17,13,4,$30.00 ,$120.00 ,0
11/11/2023,17,10,7,$100.00 ,$700.00 ,0
5/8/2024,10,5,7,$80.00 ,$560.00 ,1
5/24/2023,6,7,1,$100.00 ,$100.00 ,0
4/3/2024,2,13,1,$30.00 ,$30.00 ,0
8/18/2023,9,7,5,$100.00 ,$500.00 ,0
2/25/2024,5,9,6,$110.00 ,$660.00 ,0
7/7/2024,8,14,10,$95.00 ,$950.00 ,0
8/23/2023,18,7,2,$100.00 ,$200.00 ,0
3/22/2024,18,11,3,$60.00 ,$180.00 ,0
4/11/2024,11,3,2,$20.00 ,$40.00 ,0
5/28/2023,10,6,10,$15.00 ,$150.00 ,3
6/19/2023,8,10,8,$100.00 ,$800.00 ,0
4/6/2023,11,2,10,$120.00 ,"$1,200.00 ",0
3/29/2024,1,3,2,$20.00 ,$40.00 ,0
12/29/2024,7,2,3,$120.00 ,$360.00 ,0
5/2/2024,5,13,9,$30.00 ,$270.00 ,0
11/1/2023,7,16,8,$50.00 ,$400.00 ,1
8/2/2024,1,7,10,$100.00 ,"$1,000.00 ",0
12/1/2024,12,15,7,$20.00 ,$140.00 ,0
8/28/2023,6,15,9,$20.00 ,$180.00 ,1
10/3/2023,5,8,8,$25.00 ,$200.00 ,0
12/8/2024,13,6,7,$15.00 ,$105.00 ,0
4/12/2024,18,11,1,$60.00 ,$60.00 ,0
6/18/2024,8,3,7,$20.00 ,$140.00 ,0
1/21/2024,6,14,8,$95.00 ,$760.00 ,0
10/6/2023,18,8,9,$25.00 ,$225.00 ,0
5/25/2024,6,13,5,$30.00 ,$150.00 ,0
12/16/2023,17,15,7,$20.00 ,$140.00 ,0
11/26/2024,9,1,8,$25.00 ,$200.00 ,0
9/20/2024,5,16,7,$50.00 ,$350.00 ,0
9/15/2023,16,16,9,$50.00 ,$450.00 ,0
2/16/2023,15,5,1,$80.00 ,$80.00 ,0
6/28/2023,17,10,1,$100.00 ,$100.00 ,0
1/21/2024,4,9,8,$110.00 ,$880.00 ,0
4/19/2023,3,6,6,$15.00 ,$90.00 ,0
8/18/2023,18,1,7,$25.00 ,$175.00 ,1
9/4/2024,18,9,2,$110.00 ,$220.00 ,0
10/8/2023,12,6,9,$15.00 ,$135.00 ,0
3/30/2023,11,10,8,$100.00 ,$800.00 ,0
7/20/2024,12,8,8,$25.00 ,$200.00 ,0
6/1/2024,17,12,5,$50.00 ,$250.00 ,0
5/10/2023,10,2,1,$120.00 ,$120.00 ,0
8/9/2023,15,9,3,$110.00 ,$330.00 ,0
5/30/2024,4,3,4,$20.00 ,$80.00 ,0
8/10/2023,8,15,9,$20.00 ,$180.00 ,0
12/27/2024,5,14,5,$95.00 ,$475.00 ,0
4/2/2024,1,7,6,$100.00 ,$600.00 ,0
12/25/2024,12,16,8,$50.00 ,$400.00 ,0
7/6/2024,16,16,9,$50.00 ,$450.00 ,0
2/1/2023,6,9,5,$110.00 ,$550.00 ,0
4/23/2023,12,11,2,$60.00 ,$120.00 ,0
2/16/2023,11,11,6,$60.00 ,$360.00 ,1
12/10/2024,8,16,6,$50.00 ,$300.00 ,0
12/29/2024,11,7,3,$100.00 ,$300.00 ,0
7/9/2023,1,5,7,$80.00 ,$560.00 ,0
11/6/2023,7,14,10,$95.00 ,$950.00 ,0
1/1/2023,8,5,1,$80.00 ,$80.00 ,0
9/8/2024,9,12,4,$50.00 ,$200.00 ,0
4/1/2024,6,10,6,$100.00 ,$600.00 ,1
5/17/2023,14,13,7,$30.00 ,$210.00 ,0
7/31/2023,10,4,2,$150.00 ,$300.00 ,0
1/26/2024,17,11,6,$60.00 ,$360.00 ,0
6/27/2023,16,10,6,$100.00 ,$600.00 ,0
6/6/2024,8,3,1,$20.00 ,$20.00 ,0
11/24/2024,11,6,6,$15.00 ,$90.00 ,0
8/25/2023,12,7,8,$100.00 ,$800.00 ,0
9/14/2023,1,1,5,$25.00 ,$125.00 ,0
10/22/2024,11,4,4,$150.00 ,$600.00 ,0
6/6/2024,16,15,8,$20.00 ,$160.00 ,1
5/21/2023,15,1,3,$25.00 ,$75.00 ,0
7/28/2024,13,6,8,$15.00 ,$120.00 ,0
5/25/2024,3,10,9,$100.00 ,$900.00 ,0
5/6/2024,17,5,1,$80.00 ,$80.00 ,0
10/20/2024,18,5,8,$80.00 ,$640.00 ,0
11/29/2023,17,8,10,$25.00 ,$250.00 ,0
3/1/2023,16,4,4,$150.00 ,$600.00 ,0
8/11/2023,3,9,1,$110.00 ,$110.00 ,0
10/28/2023,9,7,7,$100.00 ,$700.00 ,0
5/20/2023,15,12,3,$50.00 ,$150.00 ,0
5/30/2024,2,10,9,$100.00 ,$900.00 ,0
8/19/2023,7,8,7,$25.00 ,$175.00 ,0
10/26/2023,5,14,9,$95.00 ,$855.00 ,0
12/22/2024,1,14,1,$95.00 ,$95.00 ,0
3/30/2024,7,8,6,$25.00 ,$150.00 ,0
10/28/2024,10,8,9,$25.00 ,$225.00 ,2
9/29/2024,6,7,4,$100.00 ,$400.00 ,0
10/23/2023,3,13,9,$30.00 ,$270.00 ,0
12/22/2023,13,15,3,$20.00 ,$60.00 ,0
1/4/2024,11,14,7,$95.00 ,$665.00 ,0
9/21/2023,2,7,4,$100.00 ,$400.00 ,0
1/10/2023,10,8,3,$25.00 ,$75.00 ,0
10/1/2023,11,3,3,$20.00 ,$60.00 ,0
4/7/2024,1,1,6,$25.00 ,$150.00 ,0
1/15/2024,3,4,2,$150.00 ,$300.00 ,0
11/27/2024,15,4,4,$150.00 ,$600.00 ,0
6/4/2024,11,10,2,$100.00 ,$200.00 ,0
2/3/2024,16,2,5,$120.00 ,$600.00 ,0
10/31/2023,6,1,4,$25.00 ,$100.00 ,0
11/24/2024,8,13,3,$30.00 ,$90.00 ,0
1/16/2024,17,13,1,$30.00 ,$30.00 ,0
11/1/2024,2,4,10,$150.00 ,"$1,500.00 ",0
6/17/2024,4,16,2,$50.00 ,$100.00 ,0
5/4/2023,1,2,8,$120.00 ,$960.00 ,0
1/1/2023,5,15,2,$20.00 ,$40.00 ,0
2/29/2024,11,4,5,$150.00 ,$750.00 ,0
1/4/2023,17,6,8,$15.00 ,$120.00 ,0
7/25/2023,10,5,5,$80.00 ,$400.00 ,1
7/30/2024,7,12,1,$50.00 ,$50.00 ,0
7/15/2023,16,13,8,$30.00 ,$240.00 ,0
5/20/2024,5,4,8,$150.00 ,"$1,200.00 ",0
10/28/2023,8,2,2,$120.00 ,$240.00 ,0
7/29/2024,9,11,9,$60.00 ,$540.00 ,0
5/5/2024,10,6,5,$15.00 ,$75.00 ,0
3/21/2024,14,16,6,$50.00 ,$300.00 ,0
4/2/2023,8,8,5,$25.00 ,$125.00 ,0
10/17/2023,10,4,9,$150.00 ,"$1,350.00 ",0
3/30/2024,11,13,8,$30.00 ,$240.00 ,0
4/9/2023,10,1,8,$25.00 ,$200.00 ,0
2/25/2024,14,3,8,$20.00 ,$160.00 ,3
10/24/2024,16,11,5,$60.00 ,$300.00 ,0
2/27/2023,1,11,1,$60.00 ,$60.00 ,0
7/27/2023,17,1,5,$25.00 ,$125.00 ,0
10/8/2023,1,1,1,$25.00 ,$25.00 ,0
12/15/2023,18,6,2,$15.00 ,$30.00 ,0
4/23/2024,15,11,5,$60.00 ,$300.00 ,0
10/1/2023,3,14,3,$95.00 ,$285.00 ,0
11/2/2024,5,2,7,$120.00 ,$840.00 ,0
6/25/2023,13,3,6,$20.00 ,$120.00 ,0
3/1/2024,13,2,5,$120.00 ,$600.00 ,0
7/23/2023,15,14,3,$95.00 ,$285.00 ,0
1/24/2024,7,2,5,$120.00 ,$600.00 ,0
5/16/2024,10,12,5,$50.00 ,$250.00 ,1
9/18/2023,4,15,1,$20.00 ,$20.00 ,0
12/29/2024,3,3,4,$20.00 ,$80.00 ,0
9/23/2024,8,2,8,$120.00 ,$960.00 ,0
9/27/2023,11,2,8,$120.00 ,$960.00 ,0
8/1/2024,16,13,8,$30.00 ,$240.00 ,0
4/27/2024,18,10,4,$100.00 ,$400.00 ,0
5/21/2024,14,8,4,$25.00 ,$100.00 ,0
8/13/2024,2,16,6,$50.00 ,$300.00 ,0
10/31/2024,5,4,7,$150.00 ,"$1,050.00 ",2
10/28/2023,13,1,1,$25.00 ,$25.00 ,0
2/21/2024,17,9,8,$110.00 ,$880.00 ,0
8/20/2023,14,12,7,$50.00 ,$350.00 ,0
11/14/2023,8,2,2,$120.00 ,$240.00 ,0
5/22/2024,2,11,1,$60.00 ,$60.00 ,0
9/22/2023,14,14,1,$95.00 ,$95.00 ,0
1/20/2024,2,16,8,$50.00 ,$400.00 ,0
5/28/2023,13,8,3,$25.00 ,$75.00 ,0
5/1/2023,2,3,4,$20.00 ,$80.00 ,0
11/19/2023,11,2,3,$120.00 ,$360.00 ,0
5/29/2024,6,15,8,$20.00 ,$160.00 ,0
8/11/2023,13,1,3,$25.00 ,$75.00 ,0
9/14/2023,3,7,8,$100.00 ,$800.00 ,0
4/4/2024,14,9,8,$110.00 ,$880.00 ,0
7/23/2023,2,15,7,$20.00 ,$140.00 ,0
6/19/2023,14,4,3,$150.00 ,$450.00 ,0
12/16/2024,13,8,4,$25.00 ,$100.00 ,0
11/28/2023,6,2,3,$120.00 ,$360.00 ,0
12/28/2023,12,16,4,$50.00 ,$200.00 ,0
1/4/2024,1,8,3,$25.00 ,$75.00 ,0
2/12/2024,5,9,8,$110.00 ,$880.00 ,0
11/25/2024,5,4,6,$150.00 ,$900.00 ,0
12/17/2024,15,10,7,$100.00 ,$700.00 ,0
1/19/2023,4,12,3,$50.00 ,$150.00 ,1
4/27/2024,14,3,10,$20.00 ,$200.00 ,0
8/30/2023,4,13,1,$30.00 ,$30.00 ,0
2/13/2023,14,2,3,$120.00 ,$360.00 ,1
7/6/2023,10,8,3,$25.00 ,$75.00 ,0
1/22/2024,3,1,4,$25.00 ,$100.00 ,0
5/8/2024,1,5,6,$80.00 ,$480.00 ,0
2/9/2023,5,12,3,$50.00 ,$150.00 ,0
6/10/2023,13,2,2,$120.00 ,$240.00 ,0
10/31/2024,6,1,9,$25.00 ,$225.00 ,0
9/15/2023,11,12,4,$50.00 ,$200.00 ,0
11/27/2024,10,12,2,$50.00 ,$100.00 ,0
2/24/2023,8,1,3,$25.00 ,$75.00 ,0
3/1/2023,1,5,6,$80.00 ,$480.00 ,0
4/21/2024,14,14,7,$95.00 ,$665.00 ,0
8/30/2024,7,16,5,$50.00 ,$250.00 ,0
2/22/2023,4,3,4,$20.00 ,$80.00 ,0
12/23/2023,18,1,7,$25.00 ,$175.00 ,0
2/26/2024,7,14,7,$95.00 ,$665.00 ,0
9/10/2023,17,9,7,$110.00 ,$770.00 ,0
2/13/2024,6,9,3,$110.00 ,$330.00 ,0
5/4/2023,17,14,8,$95.00 ,$760.00 ,0
5/28/2023,10,10,3,$100.00 ,$300.00 ,0
11/20/2023,3,7,2,$100.00 ,$200.00 ,0
4/15/2024,1,15,6,$20.00 ,$120.00 ,0
9/26/2023,14,11,7,$60.00 ,$420.00 ,0
7/29/2023,9,5,4,$80.00 ,$320.00 ,0
9/13/2024,10,2,6,$120.00 ,$720.00 ,0
3/11/2023,13,15,7,$20.00 ,$140.00 ,0
5/23/2024,14,2,10,$120.00 ,"$1,200.00 ",0
7/6/2023,1,6,6,$15.00 ,$90.00 ,0
5/26/2023,2,9,8,$110.00 ,$880.00 ,0
6/14/2023,2,8,2,$25.00 ,$50.00 ,0
6/20/2023,9,1,5,$25.00 ,$125.00 ,0
8/11/2023,9,16,3,$50.00 ,$150.00 ,0
8/3/2023,5,14,3,$95.00 ,$285.00 ,0
6/26/2023,14,11,5,$60.00 ,$300.00 ,0
5/8/2023,9,7,3,$100.00 ,$300.00 ,0
7/9/2023,12,1,4,$25.00 ,$100.00 ,0
10/15/2024,18,4,1,$150.00 ,$150.00 ,0
2/1/2023,5,1,3,$25.00 ,$75.00 ,0
11/11/2024,12,15,1,$20.00 ,$20.00 ,0
9/16/2024,13,4,2,$150.00 ,$300.00 ,0
10/21/2024,6,15,8,$20.00 ,$160.00 ,0
3/13/2023,14,8,8,$25.00 ,$200.00 ,0
6/8/2024,2,3,4,$20.00 ,$80.00 ,0
10/24/2024,4,5,3,$80.00 ,$240.00 ,0
3/12/2024,7,16,1,$50.00 ,$50.00 ,0
11/14/2023,5,1,2,$25.00 ,$50.00 ,0
2/8/2024,7,10,2,$100.00 ,$200.00 ,0
5/14/2024,1,7,7,$100.00 ,$700.00 ,0
10/4/2024,6,7,2,$100.00 ,$200.00 ,0
1/1/2023,5,5,5,$80.00 ,$400.00 ,0
1/18/2023,16,11,8,$60.00 ,$480.00 ,0
1/1/2024,17,8,8,$25.00 ,$200.00 ,0
10/21/2023,7,2,8,$120.00 ,$960.00 ,0
8/19/2024,17,7,10,$100.00 ,"$1,000.00 ",0
10/6/2024,7,3,7,$20.00 ,$140.00 ,0
3/6/2023,10,2,2,$120.00 ,$240.00 ,0
4/19/2023,13,13,2,$30.00 ,$60.00 ,0
12/1/2024,14,1,9,$25.00 ,$225.00 ,0
12/15/2024,10,4,5,$150.00 ,$750.00 ,0
4/27/2023,9,12,9,$50.00 ,$450.00 ,0
7/26/2024,17,13,9,$30.00 ,$270.00 ,0
5/7/2024,18,15,7,$20.00 ,$140.00 ,0
10/24/2024,3,2,9,$120.00 ,"$1,080.00 ",2
1/20/2023,8,4,1,$150.00 ,$150.00 ,0
7/28/2023,4,13,7,$30.00 ,$210.00 ,0
7/8/2024,4,4,8,$150.00 ,"$1,200.00 ",0
10/20/2024,5,3,7,$20.00 ,$140.00 ,0
4/3/2023,1,13,8,$30.00 ,$240.00 ,1
1/6/2023,16,13,8,$30.00 ,$240.00 ,0
9/2/2024,15,6,2,$15.00 ,$30.00 ,0
5/20/2024,1,6,6,$15.00 ,$90.00 ,0
3/27/2023,3,2,8,$120.00 ,$960.00 ,0
7/14/2023,11,11,7,$60.00 ,$420.00 ,0
5/31/2024,16,12,6,$50.00 ,$300.00 ,1
9/27/2023,7,12,5,$50.00 ,$250.00 ,0
5/26/2023,4,16,3,$50.00 ,$150.00 ,0
9/9/2023,3,4,1,$150.00 ,$150.00 ,0
11/22/2024,12,10,9,$100.00 ,$900.00 ,0
1/26/2023,10,12,7,$50.00 ,$350.00 ,0
3/29/2024,7,8,6,$25.00 ,$150.00 ,0
2/17/2023,11,12,7,$50.00 ,$350.00 ,0
5/13/2023,17,2,8,$120.00 ,$960.00 ,0
6/24/2024,9,13,7,$30.00 ,$210.00 ,0
5/18/2024,1,12,3,$50.00 ,$150.00 ,1
5/30/2023,18,11,9,$60.00 ,$540.00 ,0
1/10/2023,3,14,6,$95.00 ,$570.00 ,0
7/25/2023,6,3,2,$20.00 ,$40.00 ,0
6/24/2023,13,14,8,$95.00 ,$760.00 ,0
1/13/2023,15,8,4,$25.00 ,$100.00 ,0
10/21/2023,4,2,4,$120.00 ,$480.00 ,0
10/9/2024,16,12,2,$50.00 ,$100.00 ,0
8/10/2023,10,1,3,$25.00 ,$75.00 ,0
8/23/2024,17,4,9,$150.00 ,"$1,350.00 ",0
11/8/2024,7,8,3,$25.00 ,$75.00 ,0
10/15/2024,10,16,5,$50.00 ,$250.00 ,0
4/6/2024,18,6,1,$15.00 ,$15.00 ,0
8/4/2024,18,1,3,$25.00 ,$75.00 ,0
11/4/2024,10,1,5,$25.00 ,$125.00 ,0
10/24/2023,16,4,1,$150.00 ,$150.00 ,0
5/3/2023,12,2,4,$120.00 ,$480.00 ,0
2/8/2024,15,10,3,$100.00 ,$300.00 ,0
2/27/2023,15,5,8,$80.00 ,$640.00 ,0
12/28/2024,5,1,5,$25.00 ,$125.00 ,0
10/2/2024,4,5,10,$80.00 ,$800.00 ,0
8/9/2023,6,7,10,$100.00 ,"$1,000.00 ",0
5/26/2024,5,5,4,$80.00 ,$320.00 ,0
1/30/2023,11,15,3,$20.00 ,$60.00 ,0
12/16/2024,17,5,1,$80.00 ,$80.00 ,0
2/23/2023,12,11,3,$60.00 ,$180.00 ,0
2/20/2024,5,11,4,$60.00 ,$240.00 ,1
2/13/2023,4,14,6,$95.00 ,$570.00 ,0
7/16/2023,5,9,1,$110.00 ,$110.00 ,0
6/10/2024,5,7,6,$100.00 ,$600.00 ,0
6/20/2023,2,3,4,$20.00 ,$80.00 ,1
2/19/2024,1,7,1,$100.00 ,$100.00 ,0
2/2/2023,14,4,7,$150.00 ,"$1,050.00 ",0
12/1/2023,18,11,3,$60.00 ,$180.00 ,0
6/4/2023,3,15,5,$20.00 ,$100.00 ,0
12/8/2023,8,4,10,$150.00 ,"$1,500.00 ",0
1/20/2024,14,6,3,$15.00 ,$45.00 ,0
3/12/2024,17,7,3,$100.00 ,$300.00 ,0
1/18/2024,14,10,5,$100.00 ,$500.00 ,0
1/28/2023,10,8,2,$25.00 ,$50.00 ,0
12/20/2024,5,4,2,$150.00 ,$300.00 ,0
6/17/2024,6,15,3,$20.00 ,$60.00 ,0
12/9/2024,16,6,1,$15.00 ,$15.00 ,0
6/27/2024,10,2,9,$120.00 ,"$1,080.00 ",0
12/13/2024,13,8,6,$25.00 ,$150.00 ,0
12/8/2024,9,12,9,$50.00 ,$450.00 ,0
12/1/2023,10,16,4,$50.00 ,$200.00 ,0
3/22/2024,17,2,6,$120.00 ,$720.00 ,0
4/26/2023,18,7,2,$100.00 ,$200.00 ,0
3/12/2023,12,11,2,$60.00 ,$120.00 ,0
1/9/2023,3,13,3,$30.00 ,$90.00 ,0
9/13/2023,12,6,1,$15.00 ,$15.00 ,0
11/24/2024,12,13,9,$30.00 ,$270.00 ,0
6/25/2024,6,4,4,$150.00 ,$600.00 ,0
6/19/2024,9,1,2,$25.00 ,$50.00 ,0
4/25/2024,18,1,9,$25.00 ,$225.00 ,0
4/8/2024,6,1,8,$25.00 ,$200.00 ,0
8/9/2024,2,7,7,$100.00 ,$700.00 ,0
11/11/2023,13,10,9,$100.00 ,$900.00 ,0
4/28/2023,9,9,10,$110.00 ,"$1,100.00 ",0
2/23/2023,10,6,3,$15.00 ,$45.00 ,0
10/19/2024,12,10,8,$100.00 ,$800.00 ,0
11/29/2023,8,13,3,$30.00 ,$90.00 ,0
1/16/2023,12,14,4,$95.00 ,$380.00 ,0
12/26/2023,7,9,4,$110.00 ,$440.00 ,1
4/19/2024,1,3,9,$20.00 ,$180.00 ,0
1/22/2024,10,6,8,$15.00 ,$120.00 ,0
1/22/2024,17,3,6,$20.00 ,$120.00 ,0
9/27/2024,16,7,7,$100.00 ,$700.00 ,0
10/24/2024,9,11,4,$60.00 ,$240.00 ,0
4/30/2024,6,6,2,$15.00 ,$30.00 ,0
12/22/2023,8,5,1,$80.00 ,$80.00 ,0
10/10/2024,15,15,9,$20.00 ,$180.00 ,0
1/12/2023,3,2,1,$120.00 ,$120.00 ,0
6/22/2024,7,14,1,$95.00 ,$95.00 ,0
4/18/2023,12,8,5,$25.00 ,$125.00 ,0
5/30/2023,6,3,9,$20.00 ,$180.00 ,0
8/3/2024,12,4,2,$150.00 ,$300.00 ,0
4/25/2023,2,4,9,$150.00 ,"$1,350.00 ",0
3/28/2023,16,6,7,$15.00 ,$105.00 ,0
7/12/2024,6,1,10,$25.00 ,$250.00 ,0
9/26/2023,15,13,8,$30.00 ,$240.00 ,0
2/6/2023,12,2,7,$120.00 ,$840.00 ,0
11/1/2023,3,13,7,$30.00 ,$210.00 ,2
10/31/2023,18,9,10,$110.00 ,"$1,100.00 ",0
2/29/2024,15,8,6,$25.00 ,$150.00 ,0
1/27/2023,2,9,1,$110.00 ,$110.00 ,0
3/28/2023,18,9,3,$110.00 ,$330.00 ,1
11/27/2024,16,8,7,$25.00 ,$175.00 ,0
4/27/2024,1,6,3,$15.00 ,$45.00 ,0
12/3/2024,16,3,2,$20.00 ,$40.00 ,0
9/17/2024,10,14,3,$95.00 ,$285.00 ,0
4/27/2024,13,14,2,$95.00 ,$190.00 ,0
3/5/2024,8,1,6,$25.00 ,$150.00 ,0
8/11/2023,7,10,6,$100.00 ,$600.00 ,0
5/20/2024,12,3,4,$20.00 ,$80.00 ,0
4/6/2023,15,12,7,$50.00 ,$350.00 ,0
3/11/2024,9,9,6,$110.00 ,$660.00 ,0
7/16/2024,13,10,5,$100.00 ,$500.00 ,0
10/16/2023,5,8,10,$25.00 ,$250.00 ,0
7/5/2024,12,7,2,$100.00 ,$200.00 ,0
9/5/2023,18,9,10,$110.00 ,"$1,100.00 ",0
12/11/2023,10,3,3,$20.00 ,$60.00 ,0
1/9/2024,8,1,6,$25.00 ,$150.00 ,0
12/16/2024,18,3,1,$20.00 ,$20.00 ,0
4/13/2024,10,7,2,$100.00 ,$200.00 ,0
1/24/2023,4,15,8,$20.00 ,$160.00 ,0
2/17/2024,7,16,3,$50.00 ,$150.00 ,0
12/3/2023,4,7,2,$100.00 ,$200.00 ,0
2/6/2023,14,4,3,$150.00 ,$450.00 ,0
1/1/2023,5,13,2,$30.00 ,$60.00 ,0
6/1/2024,1,13,6,$30.00 ,$180.00 ,0
3/2/2023,5,11,3,$60.00 ,$180.00 ,0
11/25/2023,7,7,8,$100.00 ,$800.00 ,0
4/12/2024,7,14,5,$95.00 ,$475.00 ,0
9/1/2024,12,15,2,$20.00 ,$40.00 ,0
1/24/2023,3,15,8,$20.00 ,$160.00 ,0
4/10/2024,3,13,6,$30.00 ,$180.00 ,0
4/24/2023,5,8,10,$25.00 ,$250.00 ,2
8/30/2024,14,3,9,$20.00 ,$180.00 ,0
12/26/2023,5,6,8,$15.00 ,$120.00 ,0
4/23/2023,1,7,4,$100.00 ,$400.00 ,0
11/1/2024,6,15,10,$20.00 ,$200.00 ,0
4/19/2024,15,14,6,$95.00 ,$570.00 ,0
8/23/2023,3,13,5,$30.00 ,$150.00 ,0
4/26/2024,5,2,5,$120.00 ,$600.00 ,0
12/20/2023,14,5,6,$80.00 ,$480.00 ,0
1/28/2024,16,6,8,$15.00 ,$120.00 ,0
6/7/2024,3,7,1,$100.00 ,$100.00 ,0
12/14/2024,16,10,9,$100.00 ,$900.00 ,0
8/15/2023,7,7,3,$100.00 ,$300.00 ,0
11/9/2023,9,8,8,$25.00 ,$200.00 ,0
8/26/2024,13,2,10,$120.00 ,"$1,200.00 ",0
10/3/2024,10,7,10,$100.00 ,"$1,000.00 ",0
1/2/2024,10,15,2,$20.00 ,$40.00 ,0
10/28/2023,2,7,10,$100.00 ,"$1,000.00 ",0
9/3/2023,6,10,4,$100.00 ,$400.00 ,0
11/12/2023,4,12,1,$50.00 ,$50.00 ,0
10/15/2024,16,13,3,$30.00 ,$90.00 ,0
5/11/2023,14,15,7,$20.00 ,$140.00 ,0
11/28/2023,5,10,6,$100.00 ,$600.00 ,0
10/23/2024,2,12,4,$50.00 ,$200.00 ,0
10/12/2023,17,3,9,$20.00 ,$180.00 ,0
8/2/2023,9,6,8,$15.00 ,$120.00 ,0
10/8/2023,12,6,10,$15.00 ,$150.00 ,2
4/27/2023,14,10,8,$100.00 ,$800.00 ,0
12/25/2023,18,3,10,$20.00 ,$200.00 ,0
1/5/2024,10,7,8,$100.00 ,$800.00 ,0
11/17/2023,16,6,3,$15.00 ,$45.00 ,0
11/24/2024,16,2,3,$120.00 ,$360.00 ,0
7/28/2024,12,3,9,$20.00 ,$180.00 ,0
3/13/2023,16,7,2,$100.00 ,$200.00 ,0
1/28/2024,1,7,3,$100.00 ,$300.00 ,0
6/18/2024,5,9,1,$110.00 ,$110.00 ,0
2/7/2023,8,2,1,$120.00 ,$120.00 ,0
6/14/2023,17,11,10,$60.00 ,$600.00 ,0
6/25/2023,2,8,5,$25.00 ,$125.00 ,0
1/12/2023,7,3,5,$20.00 ,$100.00 ,0
12/12/2024,7,10,9,$100.00 ,$900.00 ,0
3/7/2023,18,16,3,$50.00 ,$150.00 ,0
12/4/2024,5,16,9,$50.00 ,$450.00 ,0
12/21/2023,16,5,8,$80.00 ,$640.00 ,0
10/14/2023,8,9,1,$110.00 ,$110.00 ,0
4/12/2023,16,12,10,$50.00 ,$500.00 ,0
3/27/2024,15,15,3,$20.00 ,$60.00 ,0
9/19/2023,11,7,7,$100.00 ,$700.00 ,0
9/2/2024,18,15,6,$20.00 ,$120.00 ,2
3/9/2024,18,3,4,$20.00 ,$80.00 ,0
1/3/2023,8,7,2,$100.00 ,$200.00 ,0
3/25/2023,9,16,1,$50.00 ,$50.00 ,0
1/7/2024,1,15,6,$20.00 ,$120.00 ,0
11/24/2023,3,8,3,$25.00 ,$75.00 ,0
1/14/2023,10,14,6,$95.00 ,$570.00 ,0
10/24/2023,9,1,5,$25.00 ,$125.00 ,1
2/26/2023,8,9,8,$110.00 ,$880.00 ,0
2/11/2023,7,5,4,$80.00 ,$320.00 ,0
7/18/2024,8,6,8,$15.00 ,$120.00 ,0
7/4/2023,9,15,3,$20.00 ,$60.00 ,0
12/16/2023,2,5,5,$80.00 ,$400.00 ,0
12/6/2024,2,7,4,$100.00 ,$400.00 ,0
7/1/2023,9,9,1,$110.00 ,$110.00 ,0
3/21/2024,14,9,3,$110.00 ,$330.00 ,0
11/21/2024,12,4,10,$150.00 ,"$1,500.00 ",0
8/27/2023,17,7,3,$100.00 ,$300.00 ,0
11/2/2023,1,14,2,$95.00 ,$190.00 ,0
1/15/2024,13,4,3,$150.00 ,$450.00 ,0
4/13/2023,5,2,4,$120.00 ,$480.00 ,0
11/22/2023,7,12,2,$50.00 ,$100.00 ,0
12/28/2023,11,14,8,$95.00 ,$760.00 ,0
3/25/2024,17,6,7,$15.00 ,$105.00 ,0
7/31/2024,13,4,1,$150.00 ,$150.00 ,0
12/15/2024,2,16,8,$50.00 ,$400.00 ,0
7/17/2023,4,7,5,$100.00 ,$500.00 ,0
9/9/2024,2,15,3,$20.00 ,$60.00 ,0
6/20/2024,5,11,10,$60.00 ,$600.00 ,0
2/25/2024,13,8,7,$25.00 ,$175.00 ,0
9/21/2023,7,11,1,$60.00 ,$60.00 ,0
1/6/2024,9,13,6,$30.00 ,$180.00 ,0
1/18/2024,17,2,3,$120.00 ,$360.00 ,0
12/1/2023,15,9,5,$110.00 ,$550.00 ,0
7/7/2023,11,16,3,$50.00 ,$150.00 ,0
6/9/2024,17,2,4,$120.00 ,$480.00 ,0
4/15/2024,8,10,2,$100.00 ,$200.00 ,0
3/5/2024,4,10,4,$100.00 ,$400.00 ,0
10/24/2023,5,8,8,$25.00 ,$200.00 ,0
12/8/2023,14,4,1,$150.00 ,$150.00 ,0
4/5/2023,12,2,1,$120.00 ,$120.00 ,0
1/24/2023,5,10,5,$100.00 ,$500.00 ,0
5/3/2023,4,3,5,$20.00 ,$100.00 ,0
1/3/2023,9,5,5,$80.00 ,$400.00 ,0
10/19/2024,4,11,3,$60.00 ,$180.00 ,0
3/20/2024,15,16,8,$50.00 ,$400.00 ,0
9/15/2023,7,13,2,$30.00 ,$60.00 ,0
1/15/2023,10,10,1,$100.00 ,$100.00 ,0
6/23/2024,16,9,7,$110.00 ,$770.00 ,0
3/26/2023,8,5,7,$80.00 ,$560.00 ,0
9/21/2024,7,13,6,$30.00 ,$180.00 ,0
9/25/2024,10,9,5,$110.00 ,$550.00 ,0
1/30/2024,16,1,3,$25.00 ,$75.00 ,0
5/20/2024,6,2,10,$120.00 ,"$1,200.00 ",0
10/31/2024,1,12,9,$50.00 ,$450.00 ,0
12/23/2024,9,11,6,$60.00 ,$360.00 ,0
10/13/2024,10,6,1,$15.00 ,$15.00 ,0
11/6/2024,9,5,8,$80.00 ,$640.00 ,0
7/8/2023,5,5,3,$80.00 ,$240.00 ,0
11/25/2023,5,15,2,$20.00 ,$40.00 ,0
4/1/2024,17,11,9,$60.00 ,$540.00 ,0
2/23/2024,7,6,7,$15.00 ,$105.00 ,0
2/3/2024,13,5,1,$80.00 ,$80.00 ,0
10/23/2023,13,11,6,$60.00 ,$360.00 ,0
12/24/2024,9,6,7,$15.00 ,$105.00 ,0
10/18/2023,7,4,2,$150.00 ,$300.00 ,0
8/9/2024,14,6,2,$15.00 ,$30.00 ,0
9/14/2024,7,13,4,$30.00 ,$120.00 ,0
8/24/2023,7,3,8,$20.00 ,$160.00 ,0
3/12/2024,17,6,3,$15.00 ,$45.00 ,0
7/18/2023,17,15,2,$20.00 ,$40.00 ,0
9/13/2024,13,2,6,$120.00 ,$720.00 ,0
10/20/2024,13,3,10,$20.00 ,$200.00 ,0
12/28/2024,13,1,3,$25.00 ,$75.00 ,1
7/2/2024,18,6,9,$15.00 ,$135.00 ,0
8/3/2023,3,15,2,$20.00 ,$40.00 ,0
1/3/2023,3,7,3,$100.00 ,$300.00 ,0
9/22/2023,11,13,5,$30.00 ,$150.00 ,0
1/30/2024,15,6,6,$15.00 ,$90.00 ,0
8/20/2024,7,10,4,$100.00 ,$400.00 ,0
12/7/2024,16,14,8,$95.00 ,$760.00 ,0
8/28/2024,5,5,2,$80.00 ,$160.00 ,0
3/8/2023,7,13,4,$30.00 ,$120.00 ,0
11/23/2023,12,9,7,$110.00 ,$770.00 ,0
1/22/2024,10,13,4,$30.00 ,$120.00 ,0
6/24/2023,11,8,9,$25.00 ,$225.00 ,3
3/7/2024,2,6,8,$15.00 ,$120.00 ,2
3/24/2024,11,11,8,$60.00 ,$480.00 ,0
8/23/2024,8,5,2,$80.00 ,$160.00 ,0
8/26/2023,12,1,10,$25.00 ,$250.00 ,0
7/31/2023,8,14,7,$95.00 ,$665.00 ,1
6/21/2024,17,13,3,$30.00 ,$90.00 ,0
10/10/2024,2,8,10,$25.00 ,$250.00 ,0
6/1/2023,6,16,7,$50.00 ,$350.00 ,0
4/14/2023,4,12,10,$50.00 ,$500.00 ,0
5/22/2023,15,4,6,$150.00 ,$900.00 ,0
11/23/2024,6,11,1,$60.00 ,$60.00 ,0
6/13/2024,4,12,6,$50.00 ,$300.00 ,0
8/21/2023,14,8,9,$25.00 ,$225.00 ,2
12/24/2023,4,6,4,$15.00 ,$60.00 ,0
6/3/2024,18,5,4,$80.00 ,$320.00 ,0
4/15/2024,2,12,8,$50.00 ,$400.00 ,0
1/18/2023,15,7,5,$100.00 ,$500.00 ,0
7/19/2023,18,10,6,$100.00 ,$600.00 ,2
12/14/2023,14,12,3,$50.00 ,$150.00 ,0
9/15/2024,12,8,7,$25.00 ,$175.00 ,1
7/6/2023,18,9,6,$110.00 ,$660.00 ,1
5/22/2024,4,3,10,$20.00 ,$200.00 ,0
8/20/2024,12,3,2,$20.00 ,$40.00 ,0
8/4/2024,10,7,9,$100.00 ,$900.00 ,0
6/17/2024,13,9,7,$110.00 ,$770.00 ,0
8/10/2024,9,10,10,$100.00 ,"$1,000.00 ",0
7/20/2024,17,1,10,$25.00 ,$250.00 ,0
8/29/2024,1,1,7,$25.00 ,$175.00 ,0
4/3/2024,1,3,6,$20.00 ,$120.00 ,0
5/13/2023,13,11,1,$60.00 ,$60.00 ,0
5/2/2023,8,10,5,$100.00 ,$500.00 ,0
5/29/2023,8,1,10,$25.00 ,$250.00 ,0
12/28/2024,10,11,10,$60.00 ,$600.00 ,0
5/17/2023,8,12,8,$50.00 ,$400.00 ,0
10/16/2023,11,1,8,$25.00 ,$200.00 ,0
4/22/2023,15,14,4,$95.00 ,$380.00 ,0
11/3/2024,3,8,6,$25.00 ,$150.00 ,0
6/5/2023,7,1,1,$25.00 ,$25.00 ,0
4/13/2024,1,16,8,$50.00 ,$400.00 ,0
9/18/2024,18,3,7,$20.00 ,$140.00 ,0
9/11/2024,4,15,4,$20.00 ,$80.00 ,0
12/22/2023,8,11,3,$60.00 ,$180.00 ,0
5/14/2024,15,2,4,$120.00 ,$480.00 ,0
1/5/2024,2,16,4,$50.00 ,$200.00 ,0
12/23/2024,15,4,6,$150.00 ,$900.00 ,0
8/9/2024,17,15,2,$20.00 ,$40.00 ,0
8/20/2023,4,8,8,$25.00 ,$200.00 ,0
1/24/2023,10,12,8,$50.00 ,$400.00 ,0
11/8/2023,3,7,5,$100.00 ,$500.00 ,0
2/11/2023,18,9,3,$110.00 ,$330.00 ,0
8/16/2023,17,12,10,$50.00 ,$500.00 ,0
9/29/2024,9,9,2,$110.00 ,$220.00 ,0
3/6/2023,7,14,2,$95.00 ,$190.00 ,0
7/5/2023,12,11,10,$60.00 ,$600.00 ,0
3/2/2023,16,4,1,$150.00 ,$150.00 ,0
10/14/2023,13,7,10,$100.00 ,"$1,000.00 ",0
3/16/2024,6,7,6,$100.00 ,$600.00 ,0
4/29/2023,1,3,6,$20.00 ,$120.00 ,2
4/21/2023,6,14,5,$95.00 ,$475.00 ,0
12/22/2024,16,13,9,$30.00 ,$270.00 ,0
11/30/2023,3,16,1,$50.00 ,$50.00 ,0
2/23/2024,10,1,3,$25.00 ,$75.00 ,0
4/6/2023,5,16,5,$50.00 ,$250.00 ,0
2/14/2024,16,13,1,$30.00 ,$30.00 ,0
6/24/2024,13,9,8,$110.00 ,$880.00 ,0
4/8/2024,7,1,3,$25.00 ,$75.00 ,0
1/24/2023,16,7,7,$100.00 ,$700.00 ,0
7/2/2024,7,15,7,$20.00 ,$140.00 ,0
3/25/2024,6,14,5,$95.00 ,$475.00 ,0
3/19/2023,17,16,4,$50.00 ,$200.00 ,0
8/21/2023,18,10,2,$100.00 ,$200.00 ,0
4/18/2024,18,12,9,$50.00 ,$450.00 ,0
2/11/2023,2,5,2,$80.00 ,$160.00 ,0
5/13/2024,5,5,8,$80.00 ,$640.00 ,0
3/3/2024,2,3,8,$20.00 ,$160.00 ,0
5/25/2023,8,11,9,$60.00 ,$540.00 ,1
9/17/2023,9,13,3,$30.00 ,$90.00 ,0
5/7/2024,10,1,8,$25.00 ,$200.00 ,0
2/19/2023,15,8,5,$25.00 ,$125.00 ,1
10/16/2024,13,4,3,$150.00 ,$450.00 ,0
5/11/2024,18,6,2,$15.00 ,$30.00 ,0
1/7/2023,2,16,4,$50.00 ,$200.00 ,0
7/15/2023,11,12,7,$50.00 ,$350.00 ,0
8/19/2024,13,3,9,$20.00 ,$180.00 ,0
8/18/2024,3,15,7,$20.00 ,$140.00 ,0
1/11/2023,8,1,5,$25.00 ,$125.00 ,0
12/13/2024,2,10,8,$100.00 ,$800.00 ,0
5/3/2023,18,8,7,$25.00 ,$175.00 ,0
5/4/2024,12,4,9,$150.00 ,"$1,350.00 ",0
1/31/2024,9,14,2,$95.00 ,$190.00 ,0
1/31/2024,1,6,3,$15.00 ,$45.00 ,0
5/16/2024,2,13,4,$30.00 ,$120.00 ,0
1/8/2023,4,1,6,$25.00 ,$150.00 ,0
12/27/2023,13,4,1,$150.00 ,$150.00 ,0
1/8/2024,16,15,3,$20.00 ,$60.00 ,1
7/24/2024,18,8,2,$25.00 ,$50.00 ,0
12/9/2024,9,9,10,$110.00 ,"$1,100.00 ",3
3/14/2024,6,4,6,$150.00 ,$900.00 ,0
6/9/2023,12,9,8,$110.00 ,$880.00 ,0
2/22/2024,2,16,6,$50.00 ,$300.00 ,0
5/30/2024,12,11,3,$60.00 ,$180.00 ,0
2/5/2023,14,13,7,$30.00 ,$210.00 ,0
2/1/2023,4,11,6,$60.00 ,$360.00 ,0
3/23/2024,7,3,2,$20.00 ,$40.00 ,0
5/5/2024,4,1,2,$25.00 ,$50.00 ,0
11/20/2023,14,3,5,$20.00 ,$100.00 ,0
8/20/2024,1,3,6,$20.00 ,$120.00 ,0
4/22/2024,15,16,6,$50.00 ,$300.00 ,0
2/3/2024,1,1,7,$25.00 ,$175.00 ,0
7/8/2024,3,10,4,$100.00 ,$400.00 ,0
5/18/2023,6,13,3,$30.00 ,$90.00 ,0
11/11/2024,10,8,4,$25.00 ,$100.00 ,0
9/12/2023,2,5,5,$80.00 ,$400.00 ,1
5/6/2023,1,6,10,$15.00 ,$150.00 ,0
10/21/2024,16,4,1,$150.00 ,$150.00 ,0
10/31/2023,9,2,10,$120.00 ,"$1,200.00 ",0
8/25/2024,7,10,3,$100.00 ,$300.00 ,0
9/22/2024,16,13,2,$30.00 ,$60.00 ,0
5/8/2023,9,5,10,$80.00 ,$800.00 ,0
2/4/2023,8,1,4,$25.00 ,$100.00 ,0
7/30/2023,11,2,2,$120.00 ,$240.00 ,0
4/7/2024,14,8,10,$25.00 ,$250.00 ,0
8/26/2023,18,7,8,$100.00 ,$800.00 ,0
11/19/2024,10,1,6,$25.00 ,$150.00 ,0
7/25/2023,5,4,8,$150.00 ,"$1,200.00 ",1
4/29/2024,18,7,7,$100.00 ,$700.00 ,0
11/22/2023,2,1,5,$25.00 ,$125.00 ,0
4/29/2024,8,15,6,$20.00 ,$120.00 ,2
7/14/2023,5,6,8,$15.00 ,$120.00 ,0
6/7/2024,10,2,4,$120.00 ,$480.00 ,0
8/27/2023,4,4,7,$150.00 ,"$1,050.00 ",0
2/10/2023,10,13,8,$30.00 ,$240.00 ,0
3/22/2024,17,3,6,$20.00 ,$120.00 ,0
5/29/2024,17,5,3,$80.00 ,$240.00 ,0
6/13/2024,1,14,5,$95.00 ,$475.00 ,0
12/9/2024,14,3,6,$20.00 ,$120.00 ,0
10/23/2024,17,6,3,$15.00 ,$45.00 ,0
5/25/2023,11,14,9,$95.00 ,$855.00 ,0
7/12/2023,18,3,9,$20.00 ,$180.00 ,0
10/31/2024,1,9,6,$110.00 ,$660.00 ,1
3/10/2024,10,15,3,$20.00 ,$60.00 ,0
5/12/2024,12,12,7,$50.00 ,$350.00 ,0
5/25/2024,7,7,4,$100.00 ,$400.00 ,0
1/16/2024,7,5,2,$80.00 ,$160.00 ,0
6/5/2023,11,15,4,$20.00 ,$80.00 ,0
7/23/2024,8,6,1,$15.00 ,$15.00 ,0
3/9/2024,16,2,5,$120.00 ,$600.00 ,0
11/6/2024,10,15,7,$20.00 ,$140.00 ,0
12/23/2024,7,16,1,$50.00 ,$50.00 ,0
4/22/2024,6,4,8,$150.00 ,"$1,200.00 ",0
12/28/2023,7,13,6,$30.00 ,$180.00 ,0
8/17/2024,18,12,10,$50.00 ,$500.00 ,0
11/15/2024,13,16,1,$50.00 ,$50.00 ,0
10/1/2023,18,6,2,$15.00 ,$30.00 ,0
3/29/2024,15,2,6,$120.00 ,$720.00 ,1
2/25/2024,17,8,5,$25.00 ,$125.00 ,0
11/30/2023,13,14,4,$95.00 ,$380.00 ,0
7/8/2023,16,5,5,$80.00 ,$400.00 ,0
1/16/2024,3,10,5,$100.00 ,$500.00 ,1
6/22/2023,8,15,3,$20.00 ,$60.00 ,0
10/4/2024,1,12,6,$50.00 ,$300.00 ,0
9/21/2023,12,13,9,$30.00 ,$270.00 ,1
10/1/2024,7,5,2,$80.00 ,$160.00 ,0
2/12/2024,3,5,3,$80.00 ,$240.00 ,0
5/17/2024,2,6,6,$15.00 ,$90.00 ,0
10/28/2023,10,10,10,$100.00 ,"$1,000.00 ",0
2/21/2024,10,15,3,$20.00 ,$60.00 ,0
6/25/2023,5,2,10,$120.00 ,"$1,200.00 ",0
4/20/2023,5,1,3,$25.00 ,$75.00 ,0
6/17/2023,4,9,4,$110.00 ,$440.00 ,1
12/15/2024,13,2,6,$120.00 ,$720.00 ,0
7/17/2023,9,3,6,$20.00 ,$120.00 ,0
4/24/2023,9,1,7,$25.00 ,$175.00 ,0
3/29/2024,6,13,4,$30.00 ,$120.00 ,0
9/18/2024,11,13,5,$30.00 ,$150.00 ,0
10/9/2023,17,3,3,$20.00 ,$60.00 ,0
4/5/2023,12,2,2,$120.00 ,$240.00 ,0
2/15/2024,1,2,5,$120.00 ,$600.00 ,0
6/9/2024,3,11,3,$60.00 ,$180.00 ,0
4/18/2023,11,5,6,$80.00 ,$480.00 ,0
11/28/2023,5,4,8,$150.00 ,"$1,200.00 ",0
2/24/2023,10,16,6,$50.00 ,$300.00 ,0
9/29/2023,11,13,6,$30.00 ,$180.00 ,0
11/10/2023,3,7,10,$100.00 ,"$1,000.00 ",0
11/6/2023,14,1,1,$25.00 ,$25.00 ,0
7/9/2024,16,7,9,$100.00 ,$900.00 ,0
11/28/2024,16,13,10,$30.00 ,$300.00 ,0
12/27/2023,13,16,1,$50.00 ,$50.00 ,0
9/18/2024,11,16,7,$50.00 ,$350.00 ,0
4/24/2023,14,14,3,$95.00 ,$285.00 ,1
9/29/2024,9,12,5,$50.00 ,$250.00 ,0
11/12/2024,2,3,9,$20.00 ,$180.00 ,0
5/10/2024,14,14,1,$95.00 ,$95.00 ,0
9/13/2024,15,9,10,$110.00 ,"$1,100.00 ",0
10/31/2024,16,1,9,$25.00 ,$225.00 ,0
10/14/2023,8,16,4,$50.00 ,$200.00 ,0
11/3/2024,4,3,9,$20.00 ,$180.00 ,0
10/15/2024,2,16,8,$50.00 ,$400.00 ,0
3/6/2024,15,16,6,$50.00 ,$300.00 ,0
2/13/2024,15,10,7,$100.00 ,$700.00 ,0
3/21/2024,3,12,3,$50.00 ,$150.00 ,0
1/29/2023,16,6,1,$15.00 ,$15.00 ,0
5/24/2024,6,1,9,$25.00 ,$225.00 ,3
7/27/2023,9,14,10,$95.00 ,$950.00 ,0
11/3/2023,7,12,10,$50.00 ,$500.00 ,0
11/18/2023,10,1,6,$25.00 ,$150.00 ,0
8/19/2024,14,7,2,$100.00 ,$200.00 ,0
11/30/2023,17,16,9,$50.00 ,$450.00 ,0
3/26/2024,7,8,3,$25.00 ,$75.00 ,0
11/26/2024,13,16,2,$50.00 ,$100.00 ,0
5/30/2023,3,11,2,$60.00 ,$120.00 ,0
8/11/2024,16,2,2,$120.00 ,$240.00 ,0
8/4/2023,6,1,8,$25.00 ,$200.00 ,0
1/21/2023,6,8,2,$25.00 ,$50.00 ,0
12/21/2024,1,6,4,$15.00 ,$60.00 ,0
7/7/2023,14,15,6,$20.00 ,$120.00 ,0
6/25/2024,12,4,4,$150.00 ,$600.00 ,0
1/19/2024,8,12,5,$50.00 ,$250.00 ,0
5/4/2024,11,4,6,$150.00 ,$900.00 ,0
12/7/2023,16,12,3,$50.00 ,$150.00 ,0
9/26/2024,18,6,5,$15.00 ,$75.00 ,0
2/3/2024,12,6,8,$15.00 ,$120.00 ,0
1/25/2023,15,1,5,$25.00 ,$125.00 ,0
4/26/2023,17,2,5,$120.00 ,$600.00 ,0
2/17/2023,2,6,6,$15.00 ,$90.00 ,0
9/15/2023,4,8,9,$25.00 ,$225.00 ,2
7/26/2023,7,4,5,$150.00 ,$750.00 ,0
8/11/2023,3,12,3,$50.00 ,$150.00 ,0
12/25/2024,13,6,10,$15.00 ,$150.00 ,0
12/22/2023,8,14,7,$95.00 ,$665.00 ,0
11/29/2023,11,16,8,$50.00 ,$400.00 ,0
7/30/2023,16,5,1,$80.00 ,$80.00 ,0
12/21/2023,9,7,5,$100.00 ,$500.00 ,0
6/29/2023,8,5,9,$80.00 ,$720.00 ,0
6/6/2023,18,16,2,$50.00 ,$100.00 ,0
12/5/2024,17,9,10,$110.00 ,"$1,100.00 ",0
1/24/2023,18,4,5,$150.00 ,$750.00 ,0
7/18/2023,10,16,4,$50.00 ,$200.00 ,0
7/10/2024,13,2,3,$120.00 ,$360.00 ,0
9/22/2023,1,14,4,$95.00 ,$380.00 ,1
3/17/2024,11,15,8,$20.00 ,$160.00 ,2
4/7/2024,4,5,8,$80.00 ,$640.00 ,0
2/12/2023,14,7,8,$100.00 ,$800.00 ,0
3/24/2024,11,14,4,$95.00 ,$380.00 ,0
6/11/2024,11,15,5,$20.00 ,$100.00 ,0
9/6/2023,15,4,1,$150.00 ,$150.00 ,0
12/4/2024,3,1,2,$25.00 ,$50.00 ,0
1/10/2023,6,16,8,$50.00 ,$400.00 ,0
11/22/2024,10,6,3,$15.00 ,$45.00 ,0
12/8/2023,16,14,4,$95.00 ,$380.00 ,0
7/10/2024,5,16,4,$50.00 ,$200.00 ,0
2/9/2023,16,14,6,$95.00 ,$570.00 ,0
1/22/2023,3,16,3,$50.00 ,$150.00 ,0
11/2/2023,17,14,1,$95.00 ,$95.00 ,0
12/1/2023,17,9,9,$110.00 ,$990.00 ,0
5/21/2024,16,10,8,$100.00 ,$800.00 ,0
1/29/2024,11,3,6,$20.00 ,$120.00 ,0
4/4/2024,6,10,10,$100.00 ,"$1,000.00 ",0
11/2/2023,13,15,4,$20.00 ,$80.00 ,0
5/15/2023,1,11,1,$60.00 ,$60.00 ,0
8/4/2023,8,16,7,$50.00 ,$350.00 ,0
10/28/2023,17,14,1,$95.00 ,$95.00 ,0
9/4/2024,12,9,4,$110.00 ,$440.00 ,0
4/3/2024,14,12,6,$50.00 ,$300.00 ,0
7/13/2023,12,1,5,$25.00 ,$125.00 ,0
3/19/2024,12,16,6,$50.00 ,$300.00 ,1
1/1/2023,15,5,3,$80.00 ,$240.00 ,0
8/19/2024,9,12,2,$50.00 ,$100.00 ,0
12/28/2024,9,10,1,$100.00 ,$100.00 ,0
6/11/2024,5,14,1,$95.00 ,$95.00 ,0
4/22/2023,2,16,8,$50.00 ,$400.00 ,1
12/9/2023,7,16,8,$50.00 ,$400.00 ,0
8/7/2023,8,9,3,$110.00 ,$330.00 ,1
4/27/2024,18,1,6,$25.00 ,$150.00 ,0
5/31/2023,7,10,9,$100.00 ,$900.00 ,0
8/16/2024,10,4,1,$150.00 ,$150.00 ,0
10/22/2023,13,1,4,$25.00 ,$100.00 ,0
6/6/2023,18,16,4,$50.00 ,$200.00 ,0
7/2/2024,10,3,5,$20.00 ,$100.00 ,0
7/22/2023,3,14,2,$95.00 ,$190.00 ,0
9/3/2023,10,8,10,$25.00 ,$250.00 ,0
9/16/2023,4,12,6,$50.00 ,$300.00 ,0
2/23/2023,9,2,5,$120.00 ,$600.00 ,0
6/2/2024,11,14,10,$95.00 ,$950.00 ,1
11/10/2023,10,6,1,$15.00 ,$15.00 ,0
1/26/2024,1,6,2,$15.00 ,$30.00 ,0
7/20/2024,10,10,4,$100.00 ,$400.00 ,0
3/31/2024,15,16,2,$50.00 ,$100.00 ,0
6/10/2024,18,13,3,$30.00 ,$90.00 ,0
12/31/2023,8,14,1,$95.00 ,$95.00 ,0
2/28/2024,11,4,3,$150.00 ,$450.00 ,1
12/27/2023,7,2,1,$120.00 ,$120.00 ,0
10/12/2024,6,1,8,$25.00 ,$200.00 ,0
8/23/2024,12,14,8,$95.00 ,$760.00 ,0
11/15/2024,9,4,7,$150.00 ,"$1,050.00 ",0
11/14/2024,7,15,6,$20.00 ,$120.00 ,0
5/27/2024,2,3,7,$20.00 ,$140.00 ,0
1/29/2023,17,13,2,$30.00 ,$60.00 ,0
8/10/2023,2,7,1,$100.00 ,$100.00 ,0
3/12/2023,7,14,5,$95.00 ,$475.00 ,1
12/29/2024,10,4,3,$150.00 ,$450.00 ,0
5/16/2024,13,9,2,$110.00 ,$220.00 ,0
7/15/2024,10,5,9,$80.00 ,$720.00 ,1
1/4/2024,8,14,6,$95.00 ,$570.00 ,0
1/2/2023,18,16,3,$50.00 ,$150.00 ,0
10/6/2023,15,2,1,$120.00 ,$120.00 ,0
6/15/2023,1,16,6,$50.00 ,$300.00 ,0
3/2/2024,18,6,3,$15.00 ,$45.00 ,0
9/6/2024,2,2,4,$120.00 ,$480.00 ,0
10/19/2024,12,6,9,$15.00 ,$135.00 ,0
7/12/2024,10,7,6,$100.00 ,$600.00 ,0
1/30/2023,7,13,5,$30.00 ,$150.00 ,0
1/27/2023,14,13,7,$30.00 ,$210.00 ,0
12/21/2024,7,11,2,$60.00 ,$120.00 ,0
11/22/2023,14,5,7,$80.00 ,$560.00 ,2
9/13/2024,17,12,7,$50.00 ,$350.00 ,0
5/30/2023,9,2,8,$120.00 ,$960.00 ,0
8/29/2023,14,16,5,$50.00 ,$250.00 ,0
12/13/2023,18,16,7,$50.00 ,$350.00 ,0
12/23/2023,6,11,4,$60.00 ,$240.00 ,0
10/19/2024,18,16,3,$50.00 ,$150.00 ,0
12/24/2023,17,7,5,$100.00 ,$500.00 ,0
7/11/2023,10,10,1,$100.00 ,$100.00 ,0
9/24/2024,6,6,5,$15.00 ,$75.00 ,0
8/28/2023,11,7,1,$100.00 ,$100.00 ,0
11/14/2023,13,15,1,$20.00 ,$20.00 ,0
3/1/2024,8,1,2,$25.00 ,$50.00 ,0
3/31/2023,4,11,5,$60.00 ,$300.00 ,0
11/18/2023,10,2,9,$120.00 ,"$1,080.00 ",1
1/1/2023,14,3,4,$20.00 ,$80.00 ,0
5/6/2023,6,4,4,$150.00 ,$600.00 ,0
8/7/2024,2,6,6,$15.00 ,$90.00 ,0
5/26/2024,17,11,4,$60.00 ,$240.00 ,0
3/18/2024,9,10,5,$100.00 ,$500.00 ,0
8/5/2024,5,10,2,$100.00 ,$200.00 ,0
12/31/2023,3,8,8,$25.00 ,$200.00 ,0
2/6/2023,1,10,6,$100.00 ,$600.00 ,0
8/29/2023,16,4,6,$150.00 ,$900.00 ,0
11/28/2023,17,14,8,$95.00 ,$760.00 ,0
9/27/2023,3,16,3,$50.00 ,$150.00 ,0
12/6/2023,8,3,2,$20.00 ,$40.00 ,0
9/10/2023,2,14,2,$95.00 ,$190.00 ,0
12/17/2023,5,15,5,$20.00 ,$100.00 ,0
9/19/2024,14,11,4,$60.00 ,$240.00 ,0
4/8/2023,14,16,4,$50.00 ,$200.00 ,0
12/3/2023,5,11,3,$60.00 ,$180.00 ,0
11/16/2023,8,13,9,$30.00 ,$270.00 ,0
2/24/2024,18,16,1,$50.00 ,$50.00 ,0
5/11/2023,10,11,8,$60.00 ,$480.00 ,0
7/22/2024,1,12,10,$50.00 ,$500.00 ,0
2/18/2024,6,5,7,$80.00 ,$560.00 ,0
7/8/2023,3,4,10,$150.00 ,"$1,500.00 ",0
5/8/2023,14,4,1,$150.00 ,$150.00 ,0
6/16/2023,17,4,8,$150.00 ,"$1,200.00 ",0
6/24/2023,2,1,7,$25.00 ,$175.00 ,1
8/22/2024,5,9,9,$110.00 ,$990.00 ,0
9/7/2024,9,3,1,$20.00 ,$20.00 ,0
6/12/2024,12,10,10,$100.00 ,"$1,000.00 ",1
9/7/2024,4,12,4,$50.00 ,$200.00 ,0
1/26/2024,8,14,6,$95.00 ,$570.00 ,0
2/5/2023,6,10,6,$100.00 ,$600.00 ,2
5/22/2023,13,5,6,$80.00 ,$480.00 ,0
1/1/2024,2,10,7,$100.00 ,$700.00 ,0
4/14/2024,7,4,4,$150.00 ,$600.00 ,0
8/3/2023,17,6,9,$15.00 ,$135.00 ,0
5/28/2024,14,16,2,$50.00 ,$100.00 ,0
9/5/2024,6,13,10,$30.00 ,$300.00 ,0
4/14/2024,2,3,1,$20.00 ,$20.00 ,0
12/17/2023,14,6,10,$15.00 ,$150.00 ,0
5/28/2023,7,9,10,$110.00 ,"$1,100.00 ",0
2/27/2024,17,10,8,$100.00 ,$800.00 ,0
6/3/2023,10,1,4,$25.00 ,$100.00 ,0
11/21/2024,2,1,2,$25.00 ,$50.00 ,0
12/19/2024,17,7,6,$100.00 ,$600.00 ,0
2/2/2023,4,14,8,$95.00 ,$760.00 ,0
8/5/2023,2,7,9,$100.00 ,$900.00 ,0
10/3/2023,2,8,2,$25.00 ,$50.00 ,0
10/15/2023,16,6,9,$15.00 ,$135.00 ,0
10/4/2024,2,8,5,$25.00 ,$125.00 ,0
10/13/2024,14,8,8,$25.00 ,$200.00 ,0
8/22/2024,2,8,8,$25.00 ,$200.00 ,0
11/19/2023,9,7,7,$100.00 ,$700.00 ,0
1/24/2023,15,6,1,$15.00 ,$15.00 ,0
3/16/2024,15,12,7,$50.00 ,$350.00 ,0
8/31/2024,10,16,1,$50.00 ,$50.00 ,0
11/12/2023,1,7,7,$100.00 ,$700.00 ,0
4/2/2024,12,7,1,$100.00 ,$100.00 ,0
8/4/2024,4,11,2,$60.00 ,$120.00 ,0
6/30/2023,3,13,10,$30.00 ,$300.00 ,0
1/26/2023,4,12,3,$50.00 ,$150.00 ,0
10/23/2023,10,8,9,$25.00 ,$225.00 ,0
6/15/2024,9,2,8,$120.00 ,$960.00 ,0
10/16/2024,10,16,8,$50.00 ,$400.00 ,0
2/5/2024,13,5,4,$80.00 ,$320.00 ,0
5/8/2023,17,12,1,$50.00 ,$50.00 ,0
12/1/2024,12,15,7,$20.00 ,$140.00 ,0
6/8/2024,13,9,10,$110.00 ,"$1,100.00 ",0
4/24/2024,8,11,5,$60.00 ,$300.00 ,1
2/7/2024,1,8,8,$25.00 ,$200.00 ,0
2/18/2024,9,13,3,$30.00 ,$90.00 ,0
6/23/2024,15,1,9,$25.00 ,$225.00 ,0
4/5/2023,7,3,1,$20.00 ,$20.00 ,0
12/30/2024,7,14,6,$95.00 ,$570.00 ,0
2/23/2023,11,16,6,$50.00 ,$300.00 ,0
8/4/2024,9,1,4,$25.00 ,$100.00 ,0
2/6/2023,17,8,6,$25.00 ,$150.00 ,0
3/4/2023,18,1,1,$25.00 ,$25.00 ,0
12/4/2024,15,7,6,$100.00 ,$600.00 ,0
12/9/2024,1,13,1,$30.00 ,$30.00 ,0
11/30/2024,8,10,10,$100.00 ,"$1,000.00 ",0
5/1/2024,10,7,4,$100.00 ,$400.00 ,0
6/5/2024,15,6,10,$15.00 ,$150.00 ,0
1/12/2023,13,1,5,$25.00 ,$125.00 ,0
12/31/2024,12,13,5,$30.00 ,$150.00 ,0
8/21/2024,5,8,1,$25.00 ,$25.00 ,0
12/25/2023,10,2,6,$120.00 ,$720.00 ,0
3/16/2023,1,3,8,$20.00 ,$160.00 ,0
5/23/2023,13,1,3,$25.00 ,$75.00 ,0
5/4/2023,5,10,5,$100.00 ,$500.00 ,0
3/13/2023,11,11,4,$60.00 ,$240.00 ,0
5/18/2024,13,8,8,$25.00 ,$200.00 ,0
5/15/2023,4,14,10,$95.00 ,$950.00 ,0
10/23/2023,7,15,3,$20.00 ,$60.00 ,0
3/10/2023,1,8,4,$25.00 ,$100.00 ,0
6/19/2024,2,6,10,$15.00 ,$150.00 ,0
1/7/2024,13,2,4,$120.00 ,$480.00 ,0
12/28/2023,12,15,8,$20.00 ,$160.00 ,0
4/28/2024,7,1,1,$25.00 ,$25.00 ,0
1/19/2023,13,16,3,$50.00 ,$150.00 ,0
8/30/2024,15,11,7,$60.00 ,$420.00 ,0
4/28/2024,17,7,4,$100.00 ,$400.00 ,0
5/17/2023,13,2,3,$120.00 ,$360.00 ,0
7/18/2024,17,4,3,$150.00 ,$450.00 ,0
2/15/2023,7,7,4,$100.00 ,$400.00 ,0
6/26/2023,10,7,5,$100.00 ,$500.00 ,0
11/1/2024,8,6,6,$15.00 ,$90.00 ,0
12/20/2024,17,2,5,$120.00 ,$600.00 ,0
11/13/2023,11,1,4,$25.00 ,$100.00 ,1
8/26/2024,17,7,4,$100.00 ,$400.00 ,0
9/19/2024,16,16,9,$50.00 ,$450.00 ,2
9/28/2024,17,2,1,$120.00 ,$120.00 ,0
4/6/2023,12,1,5,$25.00 ,$125.00 ,0
6/21/2024,3,8,2,$25.00 ,$50.00 ,0
2/2/2024,4,15,6,$20.00 ,$120.00 ,0
12/5/2023,9,10,8,$100.00 ,$800.00 ,0
2/17/2023,7,14,3,$95.00 ,$285.00 ,0
6/13/2023,15,1,10,$25.00 ,$250.00 ,0
7/28/2023,15,15,2,$20.00 ,$40.00 ,0
4/17/2023,3,3,3,$20.00 ,$60.00 ,0
3/22/2024,11,8,6,$25.00 ,$150.00 ,0
1/21/2023,4,5,3,$80.00 ,$240.00 ,0
8/4/2023,1,5,7,$80.00 ,$560.00 ,0
10/23/2023,17,8,5,$25.00 ,$125.00 ,0
7/31/2023,10,9,9,$110.00 ,$990.00 ,0
5/1/2023,15,8,4,$25.00 ,$100.00 ,0
10/23/2024,3,4,10,$150.00 ,"$1,500.00 ",0
6/9/2023,18,8,10,$25.00 ,$250.00 ,0
7/14/2024,9,4,6,$150.00 ,$900.00 ,0
7/6/2024,12,5,7,$80.00 ,$560.00 ,0
7/8/2024,17,6,8,$15.00 ,$120.00 ,0
3/7/2023,11,6,8,$15.00 ,$120.00 ,0
1/25/2023,13,3,8,$20.00 ,$160.00 ,0
3/13/2023,5,13,3,$30.00 ,$90.00 ,0
6/16/2023,10,11,7,$60.00 ,$420.00 ,0
2/2/2024,18,15,6,$20.00 ,$120.00 ,1
2/17/2024,5,6,3,$15.00 ,$45.00 ,0
3/14/2023,7,9,4,$110.00 ,$440.00 ,0
8/14/2024,18,16,4,$50.00 ,$200.00 ,1
8/25/2024,6,8,7,$25.00 ,$175.00 ,1
7/4/2024,6,15,10,$20.00 ,$200.00 ,0
8/11/2024,5,16,6,$50.00 ,$300.00 ,0
12/17/2023,17,9,8,$110.00 ,$880.00 ,0
12/13/2024,12,11,5,$60.00 ,$300.00 ,0
6/6/2023,13,10,4,$100.00 ,$400.00 ,0
8/1/2024,7,8,3,$25.00 ,$75.00 ,0
10/2/2024,13,7,7,$100.00 ,$700.00 ,0
11/30/2023,17,2,7,$120.00 ,$840.00 ,0
11/23/2024,8,13,8,$30.00 ,$240.00 ,0
6/19/2023,1,14,1,$95.00 ,$95.00 ,0
5/11/2024,14,13,5,$30.00 ,$150.00 ,0
5/16/2023,8,2,8,$120.00 ,$960.00 ,0
8/15/2024,6,8,1,$25.00 ,$25.00 ,0
7/3/2023,7,6,3,$15.00 ,$45.00 ,0
1/26/2024,3,14,4,$95.00 ,$380.00 ,0
9/5/2023,17,5,10,$80.00 ,$800.00 ,0
3/23/2024,1,14,8,$95.00 ,$760.00 ,0
8/3/2024,5,5,5,$80.00 ,$400.00 ,0
3/17/2024,7,2,6,$120.00 ,$720.00 ,0
4/26/2024,8,6,9,$15.00 ,$135.00 ,0
6/17/2024,8,8,7,$25.00 ,$175.00 ,0
4/9/2023,15,2,6,$120.00 ,$720.00 ,0
1/31/2023,6,10,5,$100.00 ,$500.00 ,0
5/15/2023,6,8,9,$25.00 ,$225.00 ,0
7/9/2024,1,10,10,$100.00 ,"$1,000.00 ",0
2/3/2024,2,9,1,$110.00 ,$110.00 ,0
4/25/2023,3,3,3,$20.00 ,$60.00 ,0
3/1/2023,15,13,1,$30.00 ,$30.00 ,0
9/8/2023,6,16,4,$50.00 ,$200.00 ,0
12/17/2024,13,14,6,$95.00 ,$570.00 ,0
12/26/2024,8,13,4,$30.00 ,$120.00 ,0
7/21/2023,15,13,2,$30.00 ,$60.00 ,0
11/24/2023,3,2,8,$120.00 ,$960.00 ,0
11/4/2023,12,7,7,$100.00 ,$700.00 ,0
8/7/2024,12,8,6,$25.00 ,$150.00 ,0
9/20/2023,2,12,7,$50.00 ,$350.00 ,0
5/30/2024,5,13,1,$30.00 ,$30.00 ,0
2/15/2024,12,3,8,$20.00 ,$160.00 ,0
1/31/2024,3,4,8,$150.00 ,"$1,200.00 ",0
2/8/2023,8,13,5,$30.00 ,$150.00 ,0
5/28/2023,15,6,1,$15.00 ,$15.00 ,0
1/27/2023,15,15,3,$20.00 ,$60.00 ,0
12/16/2024,14,1,3,$25.00 ,$75.00 ,0
2/14/2024,6,15,8,$20.00 ,$160.00 ,0
11/3/2024,18,8,2,$25.00 ,$50.00 ,0
8/17/2024,15,6,3,$15.00 ,$45.00 ,0
3/19/2024,17,4,4,$150.00 ,$600.00 ,0
9/8/2024,5,5,3,$80.00 ,$240.00 ,0
11/23/2024,4,5,9,$80.00 ,$720.00 ,0
2/13/2024,12,12,5,$50.00 ,$250.00 ,0
9/17/2024,16,13,8,$30.00 ,$240.00 ,0
7/21/2023,11,13,5,$30.00 ,$150.00 ,0
10/12/2024,2,8,8,$25.00 ,$200.00 ,0
10/20/2023,1,1,5,$25.00 ,$125.00 ,0
8/30/2024,4,16,5,$50.00 ,$250.00 ,0
12/13/2023,6,16,5,$50.00 ,$250.00 ,0
1/14/2024,8,2,7,$120.00 ,$840.00 ,0
6/30/2024,4,16,3,$50.00 ,$150.00 ,0
3/17/2023,15,13,5,$30.00 ,$150.00 ,0
6/17/2024,3,14,5,$95.00 ,$475.00 ,0
10/8/2024,6,14,10,$95.00 ,$950.00 ,0
3/9/2023,16,4,8,$150.00 ,"$1,200.00 ",0
4/29/2023,12,3,2,$20.00 ,$40.00 ,0
10/4/2023,14,16,8,$50.00 ,$400.00 ,2
10/10/2023,9,4,8,$150.00 ,"$1,200.00 ",0
1/12/2024,1,7,6,$100.00 ,$600.00 ,0
7/6/2024,12,14,4,$95.00 ,$380.00 ,0
7/14/2024,10,16,6,$50.00 ,$300.00 ,0
5/14/2023,3,13,10,$30.00 ,$300.00 ,0
11/2/2023,17,1,1,$25.00 ,$25.00 ,0
8/13/2024,8,12,1,$50.00 ,$50.00 ,0
5/5/2023,2,10,8,$100.00 ,$800.00 ,1
9/3/2023,15,13,4,$30.00 ,$120.00 ,0
2/16/2024,10,9,1,$110.00 ,$110.00 ,0
6/15/2024,4,3,10,$20.00 ,$200.00 ,0
3/14/2023,12,5,6,$80.00 ,$480.00 ,0
11/23/2023,5,16,5,$50.00 ,$250.00 ,0
9/5/2024,8,7,1,$100.00 ,$100.00 ,0
10/30/2023,16,2,9,$120.00 ,"$1,080.00 ",0
12/25/2023,1,10,8,$100.00 ,$800.00 ,0
5/27/2024,10,12,2,$50.00 ,$100.00 ,0
11/27/2023,13,7,3,$100.00 ,$300.00 ,0
3/30/2024,17,6,8,$15.00 ,$120.00 ,0
9/15/2023,7,15,5,$20.00 ,$100.00 ,0
2/13/2023,16,12,7,$50.00 ,$350.00 ,0
2/24/2023,12,14,6,$95.00 ,$570.00 ,0
11/27/2023,9,1,7,$25.00 ,$175.00 ,0
5/13/2024,18,7,1,$100.00 ,$100.00 ,0
7/26/2023,11,8,5,$25.00 ,$125.00 ,0
3/2/2023,18,2,1,$120.00 ,$120.00 ,0
2/12/2024,9,2,6,$120.00 ,$720.00 ,0
11/26/2024,15,10,2,$100.00 ,$200.00 ,0
4/19/2024,9,8,1,$25.00 ,$25.00 ,0
5/24/2024,2,12,2,$50.00 ,$100.00 ,0
4/14/2023,5,13,6,$30.00 ,$180.00 ,1
4/29/2023,15,1,4,$25.00 ,$100.00 ,0
4/27/2024,12,13,10,$30.00 ,$300.00 ,3
5/10/2023,5,5,9,$80.00 ,$720.00 ,0
11/22/2023,1,6,3,$15.00 ,$45.00 ,1
3/1/2024,14,12,2,$50.00 ,$100.00 ,0
2/1/2023,6,6,5,$15.00 ,$75.00 ,0
5/6/2024,10,9,4,$110.00 ,$440.00 ,0
2/13/2023,16,10,8,$100.00 ,$800.00 ,0
6/25/2024,16,5,4,$80.00 ,$320.00 ,0
10/29/2024,7,2,6,$120.00 ,$720.00 ,0
9/1/2023,1,16,5,$50.00 ,$250.00 ,0
8/16/2024,1,7,7,$100.00 ,$700.00 ,1
11/20/2024,11,4,6,$150.00 ,$900.00 ,0
3/17/2024,4,1,7,$25.00 ,$175.00 ,0
8/8/2023,16,3,1,$20.00 ,$20.00 ,0
3/9/2023,14,9,6,$110.00 ,$660.00 ,0
1/26/2024,4,4,2,$150.00 ,$300.00 ,0
2/13/2023,4,8,8,$25.00 ,$200.00 ,0
9/24/2023,15,16,3,$50.00 ,$150.00 ,0
8/10/2023,12,16,8,$50.00 ,$400.00 ,0
10/29/2023,5,16,5,$50.00 ,$250.00 ,0
12/9/2023,11,5,4,$80.00 ,$320.00 ,0
3/11/2024,3,10,4,$100.00 ,$400.00 ,0
8/3/2024,10,6,3,$15.00 ,$45.00 ,0
11/18/2024,8,13,1,$30.00 ,$30.00 ,0
11/6/2024,10,7,3,$100.00 ,$300.00 ,0
3/24/2023,15,1,2,$25.00 ,$50.00 ,0
6/7/2023,16,16,3,$50.00 ,$150.00 ,1
3/11/2024,12,5,6,$80.00 ,$480.00 ,0
8/7/2024,11,2,9,$120.00 ,"$1,080.00 ",0
5/20/2024,11,10,10,$100.00 ,"$1,000.00 ",0
3/27/2023,11,2,3,$120.00 ,$360.00 ,0
12/18/2023,11,13,8,$30.00 ,$240.00 ,0
3/8/2023,6,1,3,$25.00 ,$75.00 ,0
6/21/2023,5,15,7,$20.00 ,$140.00 ,0
4/13/2024,12,2,1,$120.00 ,$120.00 ,0
8/8/2024,16,8,2,$25.00 ,$50.00 ,0
4/15/2023,13,5,10,$80.00 ,$800.00 ,0
10/6/2023,4,11,4,$60.00 ,$240.00 ,0
7/2/2023,7,11,10,$60.00 ,$600.00 ,0
9/25/2024,9,9,7,$110.00 ,$770.00 ,0
11/15/2024,8,3,4,$20.00 ,$80.00 ,0
1/26/2024,17,14,1,$95.00 ,$95.00 ,0
3/9/2023,9,4,7,$150.00 ,"$1,050.00 ",0
10/14/2023,13,1,6,$25.00 ,$150.00 ,0
4/16/2024,7,13,1,$30.00 ,$30.00 ,0
5/15/2024,3,4,8,$150.00 ,"$1,200.00 ",0
9/19/2023,8,15,4,$20.00 ,$80.00 ,0
10/9/2023,5,10,9,$100.00 ,$900.00 ,0
10/7/2024,11,5,2,$80.00 ,$160.00 ,0
9/18/2024,9,9,3,$110.00 ,$330.00 ,0
9/5/2023,2,5,5,$80.00 ,$400.00 ,0
4/27/2023,14,3,4,$20.00 ,$80.00 ,0
9/11/2023,16,7,3,$100.00 ,$300.00 ,0
1/8/2023,2,3,5,$20.00 ,$100.00 ,0
10/18/2023,16,15,5,$20.00 ,$100.00 ,0
5/18/2023,17,16,8,$50.00 ,$400.00 ,0
6/15/2023,6,4,9,$150.00 ,"$1,350.00 ",0
2/7/2023,3,13,8,$30.00 ,$240.00 ,0
11/17/2023,3,9,7,$110.00 ,$770.00 ,0
4/18/2024,18,7,3,$100.00 ,$300.00 ,0
3/28/2024,5,9,6,$110.00 ,$660.00 ,0
6/30/2024,10,3,9,$20.00 ,$180.00 ,1
2/25/2023,5,13,8,$30.00 ,$240.00 ,0
1/10/2024,13,13,6,$30.00 ,$180.00 ,0
10/17/2023,4,2,1,$120.00 ,$120.00 ,0
5/8/2024,8,8,7,$25.00 ,$175.00 ,0
4/7/2023,15,16,4,$50.00 ,$200.00 ,0
9/1/2023,2,11,2,$60.00 ,$120.00 ,0
6/2/2023,6,10,6,$100.00 ,$600.00 ,0
5/16/2023,18,1,3,$25.00 ,$75.00 ,0
10/1/2024,2,16,9,$50.00 ,$450.00 ,0
9/18/2024,5,2,10,$120.00 ,"$1,200.00 ",1
12/18/2023,4,9,10,$110.00 ,"$1,100.00 ",2
5/18/2024,7,7,7,$100.00 ,$700.00 ,0
12/27/2024,5,2,10,$120.00 ,"$1,200.00 ",0
5/30/2023,1,10,6,$100.00 ,$600.00 ,0
3/25/2024,12,5,8,$80.00 ,$640.00 ,2
2/14/2024,1,7,7,$100.00 ,$700.00 ,0
3/15/2023,1,11,4,$60.00 ,$240.00 ,0
4/6/2024,18,12,2,$50.00 ,$100.00 ,0
8/14/2023,8,13,10,$30.00 ,$300.00 ,0
12/11/2023,16,10,2,$100.00 ,$200.00 ,0
2/23/2024,17,7,3,$100.00 ,$300.00 ,0
12/30/2023,1,14,1,$95.00 ,$95.00 ,0
3/2/2024,10,4,6,$150.00 ,$900.00 ,0
3/11/2023,18,4,7,$150.00 ,"$1,050.00 ",0
7/13/2023,14,11,5,$60.00 ,$300.00 ,0
10/3/2024,18,7,9,$100.00 ,$900.00 ,0
11/20/2023,6,6,9,$15.00 ,$135.00 ,0
7/23/2023,2,3,10,$20.00 ,$200.00 ,3
1/13/2024,8,2,3,$120.00 ,$360.00 ,0
12/11/2023,3,12,2,$50.00 ,$100.00 ,0
3/26/2024,7,14,6,$95.00 ,$570.00 ,0
9/12/2024,12,12,8,$50.00 ,$400.00 ,0
7/31/2023,15,8,5,$25.00 ,$125.00 ,0
5/3/2024,2,6,6,$15.00 ,$90.00 ,0
1/8/2024,3,1,6,$25.00 ,$150.00 ,0
7/22/2024,14,9,1,$110.00 ,$110.00 ,0
11/12/2023,6,5,10,$80.00 ,$800.00 ,0
5/22/2024,12,6,8,$15.00 ,$120.00 ,0
1/31/2024,9,7,7,$100.00 ,$700.00 ,0
12/28/2023,14,7,8,$100.00 ,$800.00 ,0
12/25/2023,18,11,3,$60.00 ,$180.00 ,0
4/16/2023,17,10,9,$100.00 ,$900.00 ,0
12/14/2024,2,6,3,$15.00 ,$45.00 ,0
4/27/2023,4,16,5,$50.00 ,$250.00 ,0
12/16/2023,14,12,10,$50.00 ,$500.00 ,0
2/11/2024,4,13,8,$30.00 ,$240.00 ,0
6/29/2023,1,7,9,$100.00 ,$900.00 ,0
12/23/2024,14,6,2,$15.00 ,$30.00 ,0
3/28/2023,3,9,7,$110.00 ,$770.00 ,0
12/13/2024,8,3,10,$20.00 ,$200.00 ,0
1/21/2023,10,6,4,$15.00 ,$60.00 ,0
2/25/2023,16,16,1,$50.00 ,$50.00 ,0
9/29/2024,4,15,10,$20.00 ,$200.00 ,0
11/20/2023,8,14,9,$95.00 ,$855.00 ,0
12/26/2024,10,4,6,$150.00 ,$900.00 ,0
2/9/2023,12,13,8,$30.00 ,$240.00 ,0
11/13/2024,17,2,4,$120.00 ,$480.00 ,0
7/17/2024,1,10,3,$100.00 ,$300.00 ,0
3/20/2023,10,3,1,$20.00 ,$20.00 ,0
8/12/2023,8,14,3,$95.00 ,$285.00 ,0
6/25/2023,8,10,2,$100.00 ,$200.00 ,0
11/23/2024,10,2,3,$120.00 ,$360.00 ,0
9/9/2023,12,15,2,$20.00 ,$40.00 ,0
11/19/2024,17,14,2,$95.00 ,$190.00 ,0
6/23/2024,7,14,2,$95.00 ,$190.00 ,0
10/20/2023,15,11,7,$60.00 ,$420.00 ,0
11/11/2023,7,11,5,$60.00 ,$300.00 ,0
4/3/2024,11,3,4,$20.00 ,$80.00 ,0
6/2/2023,5,12,5,$50.00 ,$250.00 ,0
10/13/2024,8,13,9,$30.00 ,$270.00 ,0
12/25/2024,18,11,5,$60.00 ,$300.00 ,0
10/31/2023,12,5,4,$80.00 ,$320.00 ,0
10/20/2023,14,4,10,$150.00 ,"$1,500.00 ",0
12/3/2023,10,5,4,$80.00 ,$320.00 ,1
4/23/2023,2,4,1,$150.00 ,$150.00 ,0
6/14/2023,6,15,10,$20.00 ,$200.00 ,0
4/14/2023,16,15,7,$20.00 ,$140.00 ,2
10/26/2024,1,9,10,$110.00 ,"$1,100.00 ",0
10/27/2024,15,1,5,$25.00 ,$125.00 ,0
4/29/2024,13,13,10,$30.00 ,$300.00 ,0
1/21/2023,11,2,6,$120.00 ,$720.00 ,0
2/5/2023,18,13,7,$30.00 ,$210.00 ,0
7/4/2023,14,6,1,$15.00 ,$15.00 ,0
10/9/2024,5,14,6,$95.00 ,$570.00 ,0
6/29/2024,18,8,7,$25.00 ,$175.00 ,0
10/22/2023,15,7,6,$100.00 ,$600.00 ,0
12/9/2023,4,5,7,$80.00 ,$560.00 ,1
2/1/2023,17,13,4,$30.00 ,$120.00 ,0
3/23/2023,17,13,2,$30.00 ,$60.00 ,0
6/14/2023,14,5,8,$80.00 ,$640.00 ,0
11/26/2024,8,15,8,$20.00 ,$160.00 ,0
8/15/2023,13,14,10,$95.00 ,$950.00 ,0
10/22/2024,2,12,2,$50.00 ,$100.00 ,0
10/13/2023,18,9,2,$110.00 ,$220.00 ,0
12/1/2024,18,9,3,$110.00 ,$330.00 ,0
12/10/2024,1,11,2,$60.00 ,$120.00 ,0
1/10/2024,9,12,4,$50.00 ,$200.00 ,0
7/20/2023,3,5,4,$80.00 ,$320.00 ,0
6/3/2023,16,7,6,$100.00 ,$600.00 ,0
10/20/2024,8,14,2,$95.00 ,$190.00 ,0
7/1/2024,5,5,8,$80.00 ,$640.00 ,0
11/26/2024,10,11,1,$60.00 ,$60.00 ,0
4/25/2023,5,10,5,$100.00 ,$500.00 ,0
12/4/2023,14,13,5,$30.00 ,$150.00 ,0
8/13/2024,18,2,3,$120.00 ,$360.00 ,0
2/7/2023,12,9,2,$110.00 ,$220.00 ,0
12/11/2023,15,3,10,$20.00 ,$200.00 ,0
8/24/2024,5,10,2,$100.00 ,$200.00 ,0
5/2/2023,12,6,1,$15.00 ,$15.00 ,0
10/4/2024,3,3,5,$20.00 ,$100.00 ,0
3/1/2024,7,6,8,$15.00 ,$120.00 ,0
10/30/2024,4,16,6,$50.00 ,$300.00 ,0
7/18/2024,7,7,3,$100.00 ,$300.00 ,0
5/18/2023,1,15,9,$20.00 ,$180.00 ,0
7/13/2024,7,8,1,$25.00 ,$25.00 ,0
1/18/2024,8,6,6,$15.00 ,$90.00 ,0
4/4/2024,7,5,6,$80.00 ,$480.00 ,0
1/25/2024,15,11,3,$60.00 ,$180.00 ,0
5/29/2024,13,11,5,$60.00 ,$300.00 ,0
7/18/2024,10,2,10,$120.00 ,"$1,200.00 ",0
5/3/2023,13,10,9,$100.00 ,$900.00 ,0
6/27/2023,5,2,10,$120.00 ,"$1,200.00 ",2
8/24/2024,5,9,10,$110.00 ,"$1,100.00 ",2
1/17/2023,3,2,8,$120.00 ,$960.00 ,0
5/3/2024,18,8,1,$25.00 ,$25.00 ,0
8/12/2023,11,7,6,$100.00 ,$600.00 ,2
3/14/2023,12,8,7,$25.00 ,$175.00 ,0
11/28/2023,10,13,8,$30.00 ,$240.00 ,0
5/5/2023,2,5,7,$80.00 ,$560.00 ,0
3/4/2024,10,11,8,$60.00 ,$480.00 ,0
10/20/2023,13,12,2,$50.00 ,$100.00 ,0
2/21/2024,13,7,7,$100.00 ,$700.00 ,0
11/24/2023,4,4,1,$150.00 ,$150.00 ,0
4/10/2024,1,8,2,$25.00 ,$50.00 ,0
4/8/2023,18,7,7,$100.00 ,$700.00 ,0
2/26/2023,12,6,6,$15.00 ,$90.00 ,0
9/15/2023,12,14,9,$95.00 ,$855.00 ,0
1/8/2024,12,16,6,$50.00 ,$300.00 ,0
12/13/2023,7,16,9,$50.00 ,$450.00 ,0
3/10/2024,13,13,2,$30.00 ,$60.00 ,0
5/17/2024,14,9,4,$110.00 ,$440.00 ,0
9/5/2023,7,4,4,$150.00 ,$600.00 ,1
10/22/2024,17,4,8,$150.00 ,"$1,200.00 ",0
2/6/2023,9,12,2,$50.00 ,$100.00 ,0
5/21/2023,10,6,8,$15.00 ,$120.00 ,0
4/29/2023,14,15,3,$20.00 ,$60.00 ,0
3/7/2023,9,15,1,$20.00 ,$20.00 ,0
3/2/2023,7,1,1,$25.00 ,$25.00 ,0
4/25/2023,12,3,1,$20.00 ,$20.00 ,0
7/10/2023,10,11,10,$60.00 ,$600.00 ,0
10/14/2023,18,5,6,$80.00 ,$480.00 ,0
5/26/2023,15,4,3,$150.00 ,$450.00 ,0
9/25/2023,7,11,10,$60.00 ,$600.00 ,3
3/13/2024,16,2,5,$120.00 ,$600.00 ,0
8/30/2024,10,13,9,$30.00 ,$270.00 ,0
2/14/2023,12,9,8,$110.00 ,$880.00 ,0
7/11/2024,8,10,5,$100.00 ,$500.00 ,0
10/19/2024,15,9,1,$110.00 ,$110.00 ,0
10/28/2024,4,5,3,$80.00 ,$240.00 ,0
7/31/2024,14,3,7,$20.00 ,$140.00 ,0
9/14/2024,10,12,2,$50.00 ,$100.00 ,0
5/28/2024,14,13,2,$30.00 ,$60.00 ,0
12/3/2024,4,1,7,$25.00 ,$175.00 ,0
12/19/2024,8,14,2,$95.00 ,$190.00 ,0
11/3/2023,8,10,6,$100.00 ,$600.00 ,0
10/3/2024,14,11,10,$60.00 ,$600.00 ,0
1/25/2024,11,10,8,$100.00 ,$800.00 ,3
5/26/2024,9,3,9,$20.00 ,$180.00 ,0
3/4/2023,17,6,3,$15.00 ,$45.00 ,0
10/7/2023,3,8,1,$25.00 ,$25.00 ,0
6/4/2024,17,1,5,$25.00 ,$125.00 ,0
10/18/2024,11,4,6,$150.00 ,$900.00 ,0
12/3/2024,17,10,3,$100.00 ,$300.00 ,0
3/1/2023,14,10,2,$100.00 ,$200.00 ,0
1/11/2023,8,10,5,$100.00 ,$500.00 ,0
10/10/2024,3,3,1,$20.00 ,$20.00 ,0
10/31/2024,1,15,5,$20.00 ,$100.00 ,0
3/28/2024,5,3,1,$20.00 ,$20.00 ,0
10/24/2023,18,10,7,$100.00 ,$700.00 ,0
9/16/2024,17,16,9,$50.00 ,$450.00 ,0
1/22/2024,11,10,1,$100.00 ,$100.00 ,0
2/10/2024,12,8,2,$25.00 ,$50.00 ,0
4/17/2023,11,3,9,$20.00 ,$180.00 ,0
8/24/2023,11,2,9,$120.00 ,"$1,080.00 ",0
1/27/2024,17,9,8,$110.00 ,$880.00 ,0
2/21/2023,4,10,7,$100.00 ,$700.00 ,0
6/5/2024,1,5,4,$80.00 ,$320.00 ,0
5/3/2023,1,8,2,$25.00 ,$50.00 ,0
1/31/2024,12,11,8,$60.00 ,$480.00 ,0
7/2/2024,1,1,9,$25.00 ,$225.00 ,0
7/7/2023,6,12,7,$50.00 ,$350.00 ,2
3/2/2024,3,6,1,$15.00 ,$15.00 ,0
5/23/2024,15,13,9,$30.00 ,$270.00 ,0
9/15/2024,7,3,5,$20.00 ,$100.00 ,0
3/17/2024,15,9,6,$110.00 ,$660.00 ,0
9/3/2023,10,4,4,$150.00 ,$600.00 ,0
7/2/2024,14,6,3,$15.00 ,$45.00 ,0
1/22/2024,10,7,1,$100.00 ,$100.00 ,0
10/12/2024,12,3,6,$20.00 ,$120.00 ,0
1/22/2024,6,10,8,$100.00 ,$800.00 ,0
8/27/2023,16,5,8,$80.00 ,$640.00 ,0
9/22/2024,3,8,4,$25.00 ,$100.00 ,0
7/27/2023,11,2,10,$120.00 ,"$1,200.00 ",2
2/10/2024,1,11,3,$60.00 ,$180.00 ,0
10/26/2024,13,16,10,$50.00 ,$500.00 ,0
2/4/2024,10,7,3,$100.00 ,$300.00 ,0
8/20/2024,14,14,1,$95.00 ,$95.00 ,0
12/13/2023,1,9,10,$110.00 ,"$1,100.00 ",3
4/4/2023,14,8,10,$25.00 ,$250.00 ,0
2/9/2023,11,2,5,$120.00 ,$600.00 ,0
12/11/2024,18,11,2,$60.00 ,$120.00 ,0
12/26/2023,17,3,3,$20.00 ,$60.00 ,0
6/4/2024,13,14,9,$95.00 ,$855.00 ,3
6/4/2024,15,16,5,$50.00 ,$250.00 ,0
10/30/2023,14,8,5,$25.00 ,$125.00 ,0
8/15/2023,2,8,10,$25.00 ,$250.00 ,0
7/12/2023,6,11,9,$60.00 ,$540.00 ,0
5/22/2024,8,10,8,$100.00 ,$800.00 ,0
6/23/2024,10,6,7,$15.00 ,$105.00 ,2
3/4/2023,9,10,6,$100.00 ,$600.00 ,0
10/1/2024,6,11,4,$60.00 ,$240.00 ,0
8/21/2023,5,7,7,$100.00 ,$700.00 ,0
8/3/2024,10,15,6,$20.00 ,$120.00 ,0
10/18/2023,18,12,2,$50.00 ,$100.00 ,0
9/20/2024,2,7,5,$100.00 ,$500.00 ,0
5/26/2023,1,14,2,$95.00 ,$190.00 ,0
12/7/2023,9,15,2,$20.00 ,$40.00 ,0
2/12/2024,3,8,6,$25.00 ,$150.00 ,0
5/19/2023,5,1,4,$25.00 ,$100.00 ,0
3/19/2024,11,10,6,$100.00 ,$600.00 ,0
6/10/2023,13,14,5,$95.00 ,$475.00 ,0
6/7/2024,18,14,8,$95.00 ,$760.00 ,1
8/17/2023,12,7,10,$100.00 ,"$1,000.00 ",0
3/16/2024,3,13,5,$30.00 ,$150.00 ,0
12/10/2024,11,10,8,$100.00 ,$800.00 ,2
6/17/2023,18,1,1,$25.00 ,$25.00 ,0
4/8/2023,4,1,8,$25.00 ,$200.00 ,0
7/15/2024,4,12,6,$50.00 ,$300.00 ,0
2/26/2023,3,10,2,$100.00 ,$200.00 ,0
1/6/2023,8,11,3,$60.00 ,$180.00 ,0
1/30/2024,4,1,2,$25.00 ,$50.00 ,0
12/12/2023,10,3,3,$20.00 ,$60.00 ,0
12/14/2023,7,12,8,$50.00 ,$400.00 ,0
10/28/2024,10,7,6,$100.00 ,$600.00 ,0
11/20/2024,9,1,1,$25.00 ,$25.00 ,0
6/5/2023,6,14,4,$95.00 ,$380.00 ,0
6/8/2023,13,7,5,$100.00 ,$500.00 ,1
11/26/2023,12,10,7,$100.00 ,$700.00 ,0
7/25/2023,7,6,7,$15.00 ,$105.00 ,0
11/2/2023,2,2,10,$120.00 ,"$1,200.00 ",0
9/17/2024,11,5,7,$80.00 ,$560.00 ,0
1/24/2023,9,16,3,$50.00 ,$150.00 ,0
5/8/2023,8,11,1,$60.00 ,$60.00 ,0
2/3/2023,9,15,8,$20.00 ,$160.00 ,0
2/20/2023,8,15,3,$20.00 ,$60.00 ,0
2/23/2023,7,12,5,$50.00 ,$250.00 ,1
1/26/2024,10,7,1,$100.00 ,$100.00 ,0
9/23/2024,6,13,5,$30.00 ,$150.00 ,0
12/12/2024,4,4,6,$150.00 ,$900.00 ,0
6/17/2023,2,13,5,$30.00 ,$150.00 ,0
12/20/2023,6,12,6,$50.00 ,$300.00 ,0
3/22/2023,4,11,5,$60.00 ,$300.00 ,0
3/25/2024,12,5,2,$80.00 ,$160.00 ,0
5/5/2023,11,8,3,$25.00 ,$75.00 ,0
7/19/2023,10,5,8,$80.00 ,$640.00 ,2
2/3/2023,14,15,5,$20.00 ,$100.00 ,0
4/11/2024,13,1,1,$25.00 ,$25.00 ,0
10/10/2024,16,12,5,$50.00 ,$250.00 ,0
11/3/2024,7,12,4,$50.00 ,$200.00 ,0
6/21/2024,17,10,4,$100.00 ,$400.00 ,0
12/23/2024,9,1,10,$25.00 ,$250.00 ,0
2/6/2023,16,10,1,$100.00 ,$100.00 ,0
1/12/2023,2,10,3,$100.00 ,$300.00 ,0
6/13/2023,3,2,8,$120.00 ,$960.00 ,0
1/18/2024,16,1,5,$25.00 ,$125.00 ,0
8/23/2024,4,5,4,$80.00 ,$320.00 ,1
9/23/2024,8,15,5,$20.00 ,$100.00 ,0
2/14/2024,2,3,4,$20.00 ,$80.00 ,0
4/20/2024,17,3,8,$20.00 ,$160.00 ,0
4/11/2023,8,5,8,$80.00 ,$640.00 ,1
8/15/2023,1,15,8,$20.00 ,$160.00 ,0
7/23/2023,10,7,8,$100.00 ,$800.00 ,0
11/12/2023,8,15,3,$20.00 ,$60.00 ,0
6/7/2024,14,11,7,$60.00 ,$420.00 ,0
10/24/2024,17,7,10,$100.00 ,"$1,000.00 ",0
12/2/2024,16,12,6,$50.00 ,$300.00 ,0
5/5/2024,11,12,10,$50.00 ,$500.00 ,0
6/24/2023,6,5,7,$80.00 ,$560.00 ,0
5/24/2023,3,12,3,$50.00 ,$150.00 ,0
5/5/2023,17,11,10,$60.00 ,$600.00 ,0
2/14/2024,8,2,8,$120.00 ,$960.00 ,0
10/10/2023,11,4,10,$150.00 ,"$1,500.00 ",0
2/5/2024,17,9,7,$110.00 ,$770.00 ,0
11/14/2023,5,10,7,$100.00 ,$700.00 ,0
9/23/2024,12,9,4,$110.00 ,$440.00 ,0
12/2/2023,1,7,9,$100.00 ,$900.00 ,0
1/9/2024,7,12,7,$50.00 ,$350.00 ,0
6/15/2023,7,16,1,$50.00 ,$50.00 ,0
2/14/2024,18,5,5,$80.00 ,$400.00 ,0
7/24/2023,17,12,9,$50.00 ,$450.00 ,0
5/12/2023,13,2,4,$120.00 ,$480.00 ,0
9/3/2023,14,9,3,$110.00 ,$330.00 ,0
1/15/2024,18,10,3,$100.00 ,$300.00 ,0
6/1/2024,17,11,7,$60.00 ,$420.00 ,0
3/27/2023,18,10,6,$100.00 ,$600.00 ,0
2/22/2024,8,1,6,$25.00 ,$150.00 ,0
11/11/2023,5,13,7,$30.00 ,$210.00 ,0
9/26/2024,6,7,9,$100.00 ,$900.00 ,0
2/7/2024,4,3,7,$20.00 ,$140.00 ,0
4/8/2023,18,1,10,$25.00 ,$250.00 ,0
4/23/2023,11,2,3,$120.00 ,$360.00 ,0
3/24/2024,17,12,3,$50.00 ,$150.00 ,0
1/26/2023,8,2,8,$120.00 ,$960.00 ,0
11/21/2023,8,15,1,$20.00 ,$20.00 ,0
10/1/2023,15,9,7,$110.00 ,$770.00 ,0
8/4/2024,2,15,4,$20.00 ,$80.00 ,0
7/19/2023,10,6,7,$15.00 ,$105.00 ,0
12/10/2023,10,11,9,$60.00 ,$540.00 ,0
10/26/2024,15,2,5,$120.00 ,$600.00 ,0
12/27/2024,17,16,3,$50.00 ,$150.00 ,0
12/28/2023,2,2,6,$120.00 ,$720.00 ,0
6/6/2023,4,3,4,$20.00 ,$80.00 ,0
3/13/2023,10,11,1,$60.00 ,$60.00 ,0
8/23/2024,7,7,1,$100.00 ,$100.00 ,0
3/30/2024,8,7,5,$100.00 ,$500.00 ,0
6/30/2024,4,10,6,$100.00 ,$600.00 ,2
10/20/2023,6,11,1,$60.00 ,$60.00 ,0
12/8/2023,10,16,4,$50.00 ,$200.00 ,0
11/23/2024,5,16,3,$50.00 ,$150.00 ,1
4/24/2024,15,11,1,$60.00 ,$60.00 ,0
10/9/2024,16,1,10,$25.00 ,$250.00 ,0
6/26/2024,5,2,1,$120.00 ,$120.00 ,0
10/26/2024,5,4,4,$150.00 ,$600.00 ,0
5/22/2023,3,6,10,$15.00 ,$150.00 ,0
10/23/2023,2,12,8,$50.00 ,$400.00 ,0
2/7/2023,17,4,8,$150.00 ,"$1,200.00 ",0
10/9/2024,7,11,2,$60.00 ,$120.00 ,0
10/16/2024,13,1,1,$25.00 ,$25.00 ,0
2/19/2024,18,1,8,$25.00 ,$200.00 ,2
6/22/2024,6,1,9,$25.00 ,$225.00 ,0
1/6/2023,15,13,2,$30.00 ,$60.00 ,0
12/8/2023,1,12,8,$50.00 ,$400.00 ,0
12/21/2023,4,2,10,$120.00 ,"$1,200.00 ",0
1/26/2023,2,15,6,$20.00 ,$120.00 ,1
5/14/2024,5,7,4,$100.00 ,$400.00 ,0
6/28/2024,17,3,1,$20.00 ,$20.00 ,0
9/13/2024,5,8,3,$25.00 ,$75.00 ,0
4/17/2024,1,5,10,$80.00 ,$800.00 ,0
12/3/2023,14,15,7,$20.00 ,$140.00 ,0
11/24/2023,5,1,2,$25.00 ,$50.00 ,0
11/24/2024,1,5,3,$80.00 ,$240.00 ,0
4/29/2024,12,3,8,$20.00 ,$160.00 ,0
1/7/2024,18,1,5,$25.00 ,$125.00 ,0
5/6/2024,16,6,8,$15.00 ,$120.00 ,0
9/8/2024,5,9,4,$110.00 ,$440.00 ,0
6/22/2023,11,7,3,$100.00 ,$300.00 ,0
5/27/2023,11,11,3,$60.00 ,$180.00 ,0
6/4/2023,2,6,4,$15.00 ,$60.00 ,0
6/23/2023,10,13,4,$30.00 ,$120.00 ,0
12/21/2024,9,12,3,$50.00 ,$150.00 ,0
5/14/2024,8,9,1,$110.00 ,$110.00 ,0
3/11/2024,16,15,7,$20.00 ,$140.00 ,0
10/26/2023,4,7,8,$100.00 ,$800.00 ,0
12/23/2024,8,3,8,$20.00 ,$160.00 ,0
5/11/2024,2,12,9,$50.00 ,$450.00 ,0
8/19/2024,15,2,7,$120.00 ,$840.00 ,0
10/20/2023,13,10,10,$100.00 ,"$1,000.00 ",0
2/26/2024,3,5,7,$80.00 ,$560.00 ,0
8/13/2024,9,4,2,$150.00 ,$300.00 ,0
5/3/2024,1,14,5,$95.00 ,$475.00 ,0
8/9/2023,1,3,1,$20.00 ,$20.00 ,0
12/16/2024,4,10,2,$100.00 ,$200.00 ,0
6/13/2024,11,7,6,$100.00 ,$600.00 ,0
1/29/2023,7,16,6,$50.00 ,$300.00 ,0
11/10/2023,9,15,4,$20.00 ,$80.00 ,0
11/22/2024,15,12,3,$50.00 ,$150.00 ,0
6/3/2023,18,16,3,$50.00 ,$150.00 ,0
10/11/2023,11,5,2,$80.00 ,$160.00 ,0
8/29/2024,6,3,3,$20.00 ,$60.00 ,0
8/11/2023,14,12,2,$50.00 ,$100.00 ,0
7/24/2024,6,6,6,$15.00 ,$90.00 ,0
11/2/2024,8,16,10,$50.00 ,$500.00 ,3
4/18/2023,3,13,4,$30.00 ,$120.00 ,0
1/20/2024,9,10,5,$100.00 ,$500.00 ,0
12/9/2023,4,11,5,$60.00 ,$300.00 ,0
3/1/2024,10,7,4,$100.00 ,$400.00 ,0
2/19/2024,18,16,2,$50.00 ,$100.00 ,0
5/25/2024,11,11,10,$60.00 ,$600.00 ,0
9/17/2023,10,4,10,$150.00 ,"$1,500.00 ",0
3/31/2024,6,10,3,$100.00 ,$300.00 ,0
4/24/2023,2,12,4,$50.00 ,$200.00 ,0
4/8/2023,17,12,9,$50.00 ,$450.00 ,0
5/13/2023,13,2,7,$120.00 ,$840.00 ,0
12/14/2023,2,6,10,$15.00 ,$150.00 ,0
1/20/2024,5,6,3,$15.00 ,$45.00 ,0
7/10/2023,14,6,5,$15.00 ,$75.00 ,0
1/22/2023,2,15,8,$20.00 ,$160.00 ,0
6/12/2023,1,11,6,$60.00 ,$360.00 ,0
6/2/2023,18,5,2,$80.00 ,$160.00 ,0
6/8/2024,11,3,1,$20.00 ,$20.00 ,0
9/25/2024,15,10,6,$100.00 ,$600.00 ,0
11/7/2024,3,4,6,$150.00 ,$900.00 ,0
1/7/2023,9,9,5,$110.00 ,$550.00 ,2
4/2/2023,16,10,4,$100.00 ,$400.00 ,0
9/19/2023,11,8,7,$25.00 ,$175.00 ,0
12/27/2023,8,15,3,$20.00 ,$60.00 ,0
7/12/2023,8,9,2,$110.00 ,$220.00 ,0
2/24/2023,2,6,6,$15.00 ,$90.00 ,0
12/8/2024,9,7,3,$100.00 ,$300.00 ,0
4/14/2023,3,6,10,$15.00 ,$150.00 ,0
3/14/2024,15,6,8,$15.00 ,$120.00 ,0
2/8/2023,7,9,2,$110.00 ,$220.00 ,0
4/19/2023,4,3,6,$20.00 ,$120.00 ,0
12/27/2023,12,3,1,$20.00 ,$20.00 ,0
10/19/2024,5,3,10,$20.00 ,$200.00 ,0
3/2/2024,16,5,5,$80.00 ,$400.00 ,0
5/25/2023,9,7,9,$100.00 ,$900.00 ,0
8/27/2024,8,4,6,$150.00 ,$900.00 ,0
4/23/2023,5,6,6,$15.00 ,$90.00 ,0
5/28/2024,9,9,7,$110.00 ,$770.00 ,0
10/14/2024,8,10,2,$100.00 ,$200.00 ,0
9/9/2023,10,10,7,$100.00 ,$700.00 ,0
7/21/2023,4,14,1,$95.00 ,$95.00 ,0
4/4/2024,3,10,4,$100.00 ,$400.00 ,0
12/12/2024,17,15,1,$20.00 ,$20.00 ,0
12/27/2023,8,12,8,$50.00 ,$400.00 ,2
1/15/2024,11,8,8,$25.00 ,$200.00 ,0
3/1/2024,14,6,3,$15.00 ,$45.00 ,0
1/5/2024,9,15,8,$20.00 ,$160.00 ,0
7/15/2024,18,6,3,$15.00 ,$45.00 ,0
9/12/2023,2,11,5,$60.00 ,$300.00 ,0
1/16/2024,16,16,3,$50.00 ,$150.00 ,0
10/12/2023,9,5,1,$80.00 ,$80.00 ,0
6/24/2024,17,4,3,$150.00 ,$450.00 ,0
8/28/2023,5,3,6,$20.00 ,$120.00 ,0
4/2/2024,10,13,3,$30.00 ,$90.00 ,0
1/4/2024,4,7,2,$100.00 ,$200.00 ,0
4/4/2024,11,7,2,$100.00 ,$200.00 ,0
5/26/2024,11,5,4,$80.00 ,$320.00 ,0
5/27/2023,15,11,1,$60.00 ,$60.00 ,0
6/17/2024,14,12,4,$50.00 ,$200.00 ,0
1/12/2023,15,1,3,$25.00 ,$75.00 ,0
5/10/2023,1,3,4,$20.00 ,$80.00 ,0
3/1/2023,13,4,8,$150.00 ,"$1,200.00 ",0
12/25/2023,15,5,6,$80.00 ,$480.00 ,0
9/24/2023,17,8,10,$25.00 ,$250.00 ,0
5/10/2024,4,14,7,$95.00 ,$665.00 ,0
8/27/2024,12,1,4,$25.00 ,$100.00 ,0
7/29/2023,10,11,7,$60.00 ,$420.00 ,0
8/14/2023,2,14,1,$95.00 ,$95.00 ,0
8/7/2024,10,16,3,$50.00 ,$150.00 ,0
6/18/2023,17,12,9,$50.00 ,$450.00 ,0
3/9/2024,2,13,3,$30.00 ,$90.00 ,1
2/3/2024,15,1,2,$25.00 ,$50.00 ,0
4/8/2024,4,8,8,$25.00 ,$200.00 ,0
8/31/2023,18,9,8,$110.00 ,$880.00 ,0
3/18/2023,16,1,6,$25.00 ,$150.00 ,0
3/5/2023,2,3,3,$20.00 ,$60.00 ,0
12/17/2023,17,7,9,$100.00 ,$900.00 ,0
5/20/2023,12,7,1,$100.00 ,$100.00 ,0
3/8/2024,8,2,3,$120.00 ,$360.00 ,0
3/1/2023,8,8,1,$25.00 ,$25.00 ,0
3/31/2023,2,14,3,$95.00 ,$285.00 ,0
8/12/2023,9,7,4,$100.00 ,$400.00 ,0
9/10/2023,17,12,10,$50.00 ,$500.00 ,0
11/17/2023,7,8,5,$25.00 ,$125.00 ,0
2/11/2024,8,7,3,$100.00 ,$300.00 ,0
7/3/2023,15,3,2,$20.00 ,$40.00 ,0
5/6/2023,14,5,10,$80.00 ,$800.00 ,0
1/5/2024,6,10,3,$100.00 ,$300.00 ,0
3/27/2023,6,10,2,$100.00 ,$200.00 ,0
2/4/2024,9,4,2,$150.00 ,$300.00 ,0
8/28/2024,18,13,2,$30.00 ,$60.00 ,0
5/15/2023,1,10,3,$100.00 ,$300.00 ,0
7/15/2023,8,10,5,$100.00 ,$500.00 ,0
10/24/2023,9,5,1,$80.00 ,$80.00 ,0
4/20/2024,8,1,6,$25.00 ,$150.00 ,0
4/20/2024,10,6,9,$15.00 ,$135.00 ,3
10/24/2023,18,10,3,$100.00 ,$300.00 ,1
8/1/2024,2,14,5,$95.00 ,$475.00 ,0
10/12/2024,9,15,2,$20.00 ,$40.00 ,0
5/28/2023,5,10,5,$100.00 ,$500.00 ,0
11/22/2024,10,14,8,$95.00 ,$760.00 ,0
10/2/2023,16,12,5,$50.00 ,$250.00 ,0
10/9/2024,9,5,7,$80.00 ,$560.00 ,0
2/18/2024,6,8,5,$25.00 ,$125.00 ,1
7/13/2024,9,11,1,$60.00 ,$60.00 ,0
3/2/2024,5,1,4,$25.00 ,$100.00 ,1
8/5/2024,9,12,2,$50.00 ,$100.00 ,0
5/8/2024,8,16,10,$50.00 ,$500.00 ,0
2/17/2024,3,11,5,$60.00 ,$300.00 ,0
5/25/2023,3,16,8,$50.00 ,$400.00 ,0
8/9/2024,7,5,6,$80.00 ,$480.00 ,0
3/21/2023,17,2,3,$120.00 ,$360.00 ,0
8/24/2024,3,15,1,$20.00 ,$20.00 ,0
5/18/2023,18,14,3,$95.00 ,$285.00 ,0
10/5/2023,1,1,7,$25.00 ,$175.00 ,0
12/25/2023,5,9,1,$110.00 ,$110.00 ,0
8/24/2024,14,12,5,$50.00 ,$250.00 ,0
10/18/2024,12,13,7,$30.00 ,$210.00 ,0
3/9/2024,11,5,6,$80.00 ,$480.00 ,0
12/1/2023,9,3,3,$20.00 ,$60.00 ,0
6/6/2024,13,3,10,$20.00 ,$200.00 ,0
10/12/2023,11,16,4,$50.00 ,$200.00 ,0
9/21/2024,18,5,8,$80.00 ,$640.00 ,0
1/27/2023,18,6,8,$15.00 ,$120.00 ,0
9/13/2023,12,14,5,$95.00 ,$475.00 ,1
7/2/2024,17,4,5,$150.00 ,$750.00 ,0
7/4/2024,5,3,4,$20.00 ,$80.00 ,0
7/1/2023,7,14,9,$95.00 ,$855.00 ,0
9/16/2023,4,3,2,$20.00 ,$40.00 ,0
4/13/2023,7,11,6,$60.00 ,$360.00 ,0
8/14/2024,15,2,6,$120.00 ,$720.00 ,0
9/27/2024,9,13,2,$30.00 ,$60.00 ,0
10/16/2024,18,8,4,$25.00 ,$100.00 ,0
1/1/2023,1,15,8,$20.00 ,$160.00 ,0
7/11/2024,3,1,2,$25.00 ,$50.00 ,0
12/27/2023,7,3,2,$20.00 ,$40.00 ,0
6/12/2024,18,13,1,$30.00 ,$30.00 ,0
6/16/2024,3,9,9,$110.00 ,$990.00 ,0
1/1/2024,16,3,8,$20.00 ,$160.00 ,0
7/20/2024,14,11,6,$60.00 ,$360.00 ,0
4/15/2023,8,11,2,$60.00 ,$120.00 ,0
4/3/2023,2,1,8,$25.00 ,$200.00 ,0
7/3/2023,5,15,5,$20.00 ,$100.00 ,1
2/16/2024,4,16,4,$50.00 ,$200.00 ,0
12/20/2024,4,2,1,$120.00 ,$120.00 ,0
12/13/2023,5,7,4,$100.00 ,$400.00 ,0
3/25/2023,14,2,6,$120.00 ,$720.00 ,0
7/28/2024,5,6,1,$15.00 ,$15.00 ,0
6/16/2023,7,16,8,$50.00 ,$400.00 ,0
3/19/2023,7,11,1,$60.00 ,$60.00 ,0
10/17/2024,10,1,2,$25.00 ,$50.00 ,0
6/18/2024,18,10,7,$100.00 ,$700.00 ,1
6/15/2023,13,15,4,$20.00 ,$80.00 ,0
5/1/2023,7,5,5,$80.00 ,$400.00 ,0
10/16/2023,7,5,7,$80.00 ,$560.00 ,0
11/26/2024,15,10,4,$100.00 ,$400.00 ,0
12/6/2023,15,4,3,$150.00 ,$450.00 ,0
1/19/2024,8,2,8,$120.00 ,$960.00 ,0
12/15/2024,5,11,1,$60.00 ,$60.00 ,0
10/14/2024,4,12,3,$50.00 ,$150.00 ,0
6/25/2024,15,16,8,$50.00 ,$400.00 ,0
2/13/2023,15,10,3,$100.00 ,$300.00 ,0
7/19/2024,14,9,4,$110.00 ,$440.00 ,0
11/1/2023,11,13,5,$30.00 ,$150.00 ,1
2/16/2024,1,11,4,$60.00 ,$240.00 ,0
5/22/2024,12,7,9,$100.00 ,$900.00 ,0
9/15/2024,7,3,3,$20.00 ,$60.00 ,0
11/1/2023,9,11,5,$60.00 ,$300.00 ,0
9/1/2024,11,7,3,$100.00 ,$300.00 ,0
10/4/2023,15,1,4,$25.00 ,$100.00 ,1
6/21/2024,15,1,8,$25.00 ,$200.00 ,0
7/22/2023,16,10,3,$100.00 ,$300.00 ,0
8/22/2024,16,16,6,$50.00 ,$300.00 ,0
3/6/2023,16,14,2,$95.00 ,$190.00 ,0
8/19/2024,11,14,6,$95.00 ,$570.00 ,0
11/5/2023,17,6,4,$15.00 ,$60.00 ,0
11/24/2024,14,12,1,$50.00 ,$50.00 ,0
4/15/2023,9,11,4,$60.00 ,$240.00 ,0
11/24/2023,16,6,7,$15.00 ,$105.00 ,2
3/15/2024,4,4,4,$150.00 ,$600.00 ,0
11/25/2024,4,10,2,$100.00 ,$200.00 ,0
4/4/2024,12,4,7,$150.00 ,"$1,050.00 ",0
1/15/2024,9,12,3,$50.00 ,$150.00 ,0
6/17/2023,18,2,9,$120.00 ,"$1,080.00 ",0
4/29/2024,16,11,2,$60.00 ,$120.00 ,0
7/2/2023,16,4,1,$150.00 ,$150.00 ,0
3/29/2023,7,12,3,$50.00 ,$150.00 ,0
11/25/2023,8,6,6,$15.00 ,$90.00 ,0
12/19/2023,14,16,8,$50.00 ,$400.00 ,0
4/4/2024,1,11,9,$60.00 ,$540.00 ,0
9/20/2023,13,4,8,$150.00 ,"$1,200.00 ",0
3/5/2023,3,2,2,$120.00 ,$240.00 ,0
11/18/2024,8,6,4,$15.00 ,$60.00 ,0
12/16/2023,6,10,4,$100.00 ,$400.00 ,0
6/18/2024,15,4,8,$150.00 ,"$1,200.00 ",0
3/27/2024,17,1,8,$25.00 ,$200.00 ,0
2/8/2024,11,7,7,$100.00 ,$700.00 ,0
1/8/2023,12,9,1,$110.00 ,$110.00 ,0
10/13/2024,6,2,8,$120.00 ,$960.00 ,0
8/14/2024,1,7,10,$100.00 ,"$1,000.00 ",0
1/18/2024,12,11,4,$60.00 ,$240.00 ,0
9/19/2024,15,5,10,$80.00 ,$800.00 ,0
5/21/2024,7,11,2,$60.00 ,$120.00 ,0
9/29/2023,6,6,1,$15.00 ,$15.00 ,0
10/12/2024,8,1,8,$25.00 ,$200.00 ,0
2/3/2023,5,10,4,$100.00 ,$400.00 ,0
10/28/2024,11,5,8,$80.00 ,$640.00 ,0
11/19/2024,15,13,9,$30.00 ,$270.00 ,0
1/3/2024,16,15,3,$20.00 ,$60.00 ,0
2/4/2023,5,7,3,$100.00 ,$300.00 ,0
5/14/2023,6,1,3,$25.00 ,$75.00 ,0
7/31/2024,5,9,8,$110.00 ,$880.00 ,1
1/23/2023,9,1,5,$25.00 ,$125.00 ,0
11/4/2024,18,1,10,$25.00 ,$250.00 ,0
4/4/2024,13,10,10,$100.00 ,"$1,000.00 ",1
12/21/2024,9,4,7,$150.00 ,"$1,050.00 ",0
1/26/2024,16,5,7,$80.00 ,$560.00 ,0
1/9/2024,6,3,3,$20.00 ,$60.00 ,0
5/11/2024,16,1,1,$25.00 ,$25.00 ,0
10/15/2024,15,9,9,$110.00 ,$990.00 ,0
2/27/2023,6,11,7,$60.00 ,$420.00 ,0
2/3/2023,11,2,3,$120.00 ,$360.00 ,1
4/19/2024,1,15,7,$20.00 ,$140.00 ,0
12/27/2023,17,13,8,$30.00 ,$240.00 ,0
4/13/2023,6,5,5,$80.00 ,$400.00 ,0
11/23/2024,15,12,1,$50.00 ,$50.00 ,0
9/24/2023,3,8,9,$25.00 ,$225.00 ,0
1/8/2024,4,1,5,$25.00 ,$125.00 ,0
11/16/2023,12,10,4,$100.00 ,$400.00 ,0
10/25/2024,6,3,6,$20.00 ,$120.00 ,0
7/10/2024,14,15,6,$20.00 ,$120.00 ,1
9/3/2023,1,6,7,$15.00 ,$105.00 ,0
10/29/2023,2,13,4,$30.00 ,$120.00 ,0
9/24/2024,1,9,8,$110.00 ,$880.00 ,1
7/27/2023,18,14,8,$95.00 ,$760.00 ,0
7/8/2023,15,3,8,$20.00 ,$160.00 ,0
12/31/2024,9,5,9,$80.00 ,$720.00 ,3
6/7/2024,15,4,9,$150.00 ,"$1,350.00 ",0
4/11/2023,2,13,3,$30.00 ,$90.00 ,0
11/14/2024,5,3,4,$20.00 ,$80.00 ,0
2/21/2024,4,6,4,$15.00 ,$60.00 ,0
3/10/2023,16,1,4,$25.00 ,$100.00 ,1
7/20/2023,6,14,2,$95.00 ,$190.00 ,0
5/31/2023,12,13,4,$30.00 ,$120.00 ,0
5/6/2023,6,15,6,$20.00 ,$120.00 ,0
1/2/2024,5,8,4,$25.00 ,$100.00 ,0
9/1/2024,2,11,9,$60.00 ,$540.00 ,0
1/29/2023,8,3,5,$20.00 ,$100.00 ,0
4/11/2023,2,7,5,$100.00 ,$500.00 ,0
10/18/2023,3,7,8,$100.00 ,$800.00 ,0
3/1/2023,15,13,2,$30.00 ,$60.00 ,0
12/18/2024,17,5,10,$80.00 ,$800.00 ,0
1/14/2024,4,11,4,$60.00 ,$240.00 ,0
6/24/2023,4,8,10,$25.00 ,$250.00 ,3
6/9/2023,7,3,2,$20.00 ,$40.00 ,0
1/20/2024,7,2,7,$120.00 ,$840.00 ,0
4/3/2023,11,9,9,$110.00 ,$990.00 ,0
6/5/2023,16,6,2,$15.00 ,$30.00 ,0
4/18/2023,16,14,2,$95.00 ,$190.00 ,0
4/28/2023,7,4,8,$150.00 ,"$1,200.00 ",0
5/7/2024,8,4,6,$150.00 ,$900.00 ,0
12/26/2023,2,10,4,$100.00 ,$400.00 ,0
10/11/2023,5,12,3,$50.00 ,$150.00 ,0
10/1/2024,13,11,1,$60.00 ,$60.00 ,0
4/18/2023,14,16,10,$50.00 ,$500.00 ,0
9/26/2024,4,10,4,$100.00 ,$400.00 ,0
9/12/2023,12,16,5,$50.00 ,$250.00 ,0
5/14/2024,12,9,3,$110.00 ,$330.00 ,1
6/3/2023,14,9,9,$110.00 ,$990.00 ,0
11/18/2024,7,11,5,$60.00 ,$300.00 ,0
11/1/2024,17,15,10,$20.00 ,$200.00 ,0
1/11/2024,2,1,7,$25.00 ,$175.00 ,0
8/24/2023,1,2,6,$120.00 ,$720.00 ,0
4/30/2024,15,14,2,$95.00 ,$190.00 ,0
4/26/2024,7,2,2,$120.00 ,$240.00 ,0
7/26/2023,2,10,7,$100.00 ,$700.00 ,0
9/28/2023,15,10,7,$100.00 ,$700.00 ,0
7/23/2024,8,7,5,$100.00 ,$500.00 ,0
3/27/2023,12,7,2,$100.00 ,$200.00 ,0
7/9/2024,14,4,5,$150.00 ,$750.00 ,1
9/19/2023,4,12,5,$50.00 ,$250.00 ,0
3/16/2023,12,6,8,$15.00 ,$120.00 ,3
10/22/2023,6,4,3,$150.00 ,$450.00 ,0
8/9/2023,1,7,5,$100.00 ,$500.00 ,0
3/9/2023,18,2,3,$120.00 ,$360.00 ,0
1/4/2023,3,4,6,$150.00 ,$900.00 ,2
10/22/2024,14,5,5,$80.00 ,$400.00 ,1
3/20/2024,17,1,3,$25.00 ,$75.00 ,0
11/14/2023,3,16,5,$50.00 ,$250.00 ,0
10/2/2024,18,16,4,$50.00 ,$200.00 ,0
2/14/2023,14,2,2,$120.00 ,$240.00 ,0
4/14/2024,18,15,7,$20.00 ,$140.00 ,0
10/1/2024,2,14,7,$95.00 ,$665.00 ,0
4/9/2024,5,13,5,$30.00 ,$150.00 ,0
12/5/2024,2,14,8,$95.00 ,$760.00 ,0
7/31/2024,10,5,3,$80.00 ,$240.00 ,0
7/28/2024,9,9,2,$110.00 ,$220.00 ,0
2/28/2023,14,6,1,$15.00 ,$15.00 ,0
5/24/2023,3,2,9,$120.00 ,"$1,080.00 ",3
5/14/2023,3,10,5,$100.00 ,$500.00 ,0
8/10/2023,14,15,1,$20.00 ,$20.00 ,0
1/14/2024,1,5,6,$80.00 ,$480.00 ,0
6/10/2024,10,16,5,$50.00 ,$250.00 ,0
7/2/2023,14,6,6,$15.00 ,$90.00 ,0
12/20/2024,18,13,8,$30.00 ,$240.00 ,0
1/26/2024,7,7,7,$100.00 ,$700.00 ,0
3/31/2024,1,2,1,$120.00 ,$120.00 ,0
7/4/2024,17,14,4,$95.00 ,$380.00 ,0
5/3/2023,8,3,8,$20.00 ,$160.00 ,2
11/14/2024,8,14,8,$95.00 ,$760.00 ,0
10/24/2023,18,11,4,$60.00 ,$240.00 ,0
4/11/2024,18,16,9,$50.00 ,$450.00 ,0
1/9/2023,1,8,2,$25.00 ,$50.00 ,0
10/3/2023,8,16,4,$50.00 ,$200.00 ,0
9/7/2024,2,12,5,$50.00 ,$250.00 ,0
7/31/2024,12,11,10,$60.00 ,$600.00 ,0
3/1/2023,7,4,2,$150.00 ,$300.00 ,0
12/10/2023,15,8,10,$25.00 ,$250.00 ,0
12/22/2024,12,5,1,$80.00 ,$80.00 ,0
8/1/2024,10,11,6,$60.00 ,$360.00 ,0
10/18/2023,6,9,1,$110.00 ,$110.00 ,0
1/13/2024,5,3,3,$20.00 ,$60.00 ,0
3/27/2024,7,10,5,$100.00 ,$500.00 ,1
3/24/2024,6,9,3,$110.00 ,$330.00 ,0
4/15/2023,5,1,7,$25.00 ,$175.00 ,0
2/14/2023,16,11,3,$60.00 ,$180.00 ,0
10/31/2024,4,15,2,$20.00 ,$40.00 ,0
1/18/2023,3,10,1,$100.00 ,$100.00 ,0
11/20/2024,5,1,6,$25.00 ,$150.00 ,0
6/27/2023,16,7,6,$100.00 ,$600.00 ,1
3/21/2024,6,12,1,$50.00 ,$50.00 ,0
12/30/2024,14,3,2,$20.00 ,$40.00 ,0
12/12/2024,3,5,9,$80.00 ,$720.00 ,0
3/1/2023,11,5,3,$80.00 ,$240.00 ,0
4/12/2023,17,3,8,$20.00 ,$160.00 ,0
5/23/2023,10,14,1,$95.00 ,$95.00 ,0
6/22/2024,4,4,5,$150.00 ,$750.00 ,0
12/31/2024,15,4,2,$150.00 ,$300.00 ,0
8/10/2024,14,9,2,$110.00 ,$220.00 ,0
5/27/2024,13,15,9,$20.00 ,$180.00 ,0
5/15/2024,1,10,6,$100.00 ,$600.00 ,0
11/22/2024,10,1,10,$25.00 ,$250.00 ,0
8/3/2023,3,2,1,$120.00 ,$120.00 ,0
4/28/2024,6,8,8,$25.00 ,$200.00 ,0
9/1/2023,6,14,3,$95.00 ,$285.00 ,0
11/21/2024,15,3,4,$20.00 ,$80.00 ,0
2/19/2024,1,10,2,$100.00 ,$200.00 ,0
1/8/2023,16,11,8,$60.00 ,$480.00 ,0
2/2/2024,15,8,3,$25.00 ,$75.00 ,0
11/13/2024,2,11,10,$60.00 ,$600.00 ,0
3/23/2023,18,15,2,$20.00 ,$40.00 ,0
2/16/2024,16,6,3,$15.00 ,$45.00 ,0
11/11/2024,4,7,10,$100.00 ,"$1,000.00 ",0
10/10/2024,18,6,9,$15.00 ,$135.00 ,0
11/15/2023,2,2,2,$120.00 ,$240.00 ,0
11/6/2024,4,14,10,$95.00 ,$950.00 ,0
9/16/2023,4,13,5,$30.00 ,$150.00 ,0
2/24/2024,2,13,7,$30.00 ,$210.00 ,0
9/23/2024,8,3,5,$20.00 ,$100.00 ,0
4/9/2023,7,13,7,$30.00 ,$210.00 ,0
2/1/2023,15,16,3,$50.00 ,$150.00 ,0
11/21/2024,17,13,3,$30.00 ,$90.00 ,0
11/23/2023,7,6,5,$15.00 ,$75.00 ,0
11/21/2024,18,12,9,$50.00 ,$450.00 ,0
1/7/2023,13,10,3,$100.00 ,$300.00 ,0
2/26/2024,3,6,2,$15.00 ,$30.00 ,0
7/14/2023,2,2,9,$120.00 ,"$1,080.00 ",0
12/5/2023,10,5,5,$80.00 ,$400.00 ,0
10/3/2024,6,14,3,$95.00 ,$285.00 ,0
4/6/2023,10,8,6,$25.00 ,$150.00 ,0
4/11/2024,4,5,2,$80.00 ,$160.00 ,0
2/21/2024,12,7,5,$100.00 ,$500.00 ,1
6/8/2023,5,13,5,$30.00 ,$150.00 ,0
7/6/2023,6,8,9,$25.00 ,$225.00 ,0
8/25/2023,11,12,5,$50.00 ,$250.00 ,0
9/1/2024,4,14,4,$95.00 ,$380.00 ,0
2/16/2023,10,9,4,$110.00 ,$440.00 ,0
6/26/2024,12,4,5,$150.00 ,$750.00 ,0
12/31/2024,4,14,10,$95.00 ,$950.00 ,0
7/26/2024,8,6,6,$15.00 ,$90.00 ,2
8/21/2024,15,11,10,$60.00 ,$600.00 ,0
3/18/2023,8,8,5,$25.00 ,$125.00 ,0
1/28/2024,15,5,7,$80.00 ,$560.00 ,0
3/2/2023,10,8,2,$25.00 ,$50.00 ,0
9/24/2024,7,5,10,$80.00 ,$800.00 ,1
9/16/2024,9,2,9,$120.00 ,"$1,080.00 ",2
3/17/2024,14,11,8,$60.00 ,$480.00 ,0
12/25/2023,7,12,2,$50.00 ,$100.00 ,0
7/31/2023,16,5,8,$80.00 ,$640.00 ,0
9/20/2023,9,6,6,$15.00 ,$90.00 ,0
11/17/2023,5,11,3,$60.00 ,$180.00 ,0
1/24/2023,9,6,8,$15.00 ,$120.00 ,0
8/12/2024,10,9,5,$110.00 ,$550.00 ,1
1/16/2023,8,1,3,$25.00 ,$75.00 ,1
11/2/2024,16,12,8,$50.00 ,$400.00 ,0
10/31/2024,7,9,7,$110.00 ,$770.00 ,1
12/4/2024,9,4,1,$150.00 ,$150.00 ,0
2/27/2023,10,9,5,$110.00 ,$550.00 ,0
5/9/2024,13,5,8,$80.00 ,$640.00 ,0
5/11/2023,2,13,3,$30.00 ,$90.00 ,0
6/13/2024,14,3,7,$20.00 ,$140.00 ,0
11/16/2024,17,7,4,$100.00 ,$400.00 ,0
1/10/2023,3,1,3,$25.00 ,$75.00 ,1
1/6/2024,6,16,3,$50.00 ,$150.00 ,0
4/4/2023,2,3,8,$20.00 ,$160.00 ,0
4/8/2024,8,2,7,$120.00 ,$840.00 ,0
5/12/2023,12,10,4,$100.00 ,$400.00 ,0
10/23/2024,6,16,10,$50.00 ,$500.00 ,0
3/16/2023,7,11,6,$60.00 ,$360.00 ,0
6/5/2024,3,1,5,$25.00 ,$125.00 ,0
7/14/2023,5,10,9,$100.00 ,$900.00 ,0
6/26/2024,17,9,2,$110.00 ,$220.00 ,0
12/24/2024,18,8,8,$25.00 ,$200.00 ,0
1/2/2024,10,6,3,$15.00 ,$45.00 ,1
3/11/2024,4,11,3,$60.00 ,$180.00 ,0
8/8/2024,11,2,8,$120.00 ,$960.00 ,0
1/10/2024,14,8,2,$25.00 ,$50.00 ,0
8/28/2024,13,11,3,$60.00 ,$180.00 ,1
6/25/2024,9,16,4,$50.00 ,$200.00 ,0
12/3/2023,12,11,9,$60.00 ,$540.00 ,0
8/23/2023,13,9,8,$110.00 ,$880.00 ,0
4/24/2023,11,10,3,$100.00 ,$300.00 ,0
10/19/2023,15,3,1,$20.00 ,$20.00 ,0
4/10/2024,6,5,10,$80.00 ,$800.00 ,0
1/31/2023,3,16,7,$50.00 ,$350.00 ,0
1/5/2023,12,16,2,$50.00 ,$100.00 ,0
9/18/2024,1,5,6,$80.00 ,$480.00 ,0
10/12/2024,6,5,2,$80.00 ,$160.00 ,0
7/18/2023,7,4,9,$150.00 ,"$1,350.00 ",0
4/27/2024,5,9,10,$110.00 ,"$1,100.00 ",3
12/15/2023,5,7,10,$100.00 ,"$1,000.00 ",0
6/13/2024,4,14,8,$95.00 ,$760.00 ,0
9/4/2024,15,1,7,$25.00 ,$175.00 ,0
5/11/2024,13,3,9,$20.00 ,$180.00 ,2
9/20/2024,10,10,3,$100.00 ,$300.00 ,0
6/30/2023,9,2,10,$120.00 ,"$1,200.00 ",0
3/6/2023,1,2,3,$120.00 ,$360.00 ,0
4/8/2024,5,6,8,$15.00 ,$120.00 ,0
7/11/2023,16,5,9,$80.00 ,$720.00 ,0
7/9/2024,17,13,4,$30.00 ,$120.00 ,0
4/22/2024,11,13,4,$30.00 ,$120.00 ,0
12/4/2023,13,14,2,$95.00 ,$190.00 ,0
9/16/2024,9,13,5,$30.00 ,$150.00 ,0
4/1/2024,9,1,6,$25.00 ,$150.00 ,0
11/19/2023,6,3,3,$20.00 ,$60.00 ,0
8/1/2024,17,9,3,$110.00 ,$330.00 ,0
1/2/2023,15,15,2,$20.00 ,$40.00 ,0
12/22/2024,2,6,7,$15.00 ,$105.00 ,0
1/18/2024,4,3,6,$20.00 ,$120.00 ,0
10/23/2024,8,10,3,$100.00 ,$300.00 ,1
7/30/2023,7,12,1,$50.00 ,$50.00 ,0
10/23/2023,2,13,6,$30.00 ,$180.00 ,0
6/30/2024,7,9,3,$110.00 ,$330.00 ,0
9/18/2024,18,4,1,$150.00 ,$150.00 ,0
6/25/2023,5,10,4,$100.00 ,$400.00 ,0
2/18/2024,2,11,5,$60.00 ,$300.00 ,0
8/9/2023,3,6,4,$15.00 ,$60.00 ,0
2/14/2023,12,5,8,$80.00 ,$640.00 ,0
8/15/2023,18,12,4,$50.00 ,$200.00 ,0
8/9/2023,16,8,10,$25.00 ,$250.00 ,0
6/10/2024,15,10,5,$100.00 ,$500.00 ,0
6/14/2024,12,3,6,$20.00 ,$120.00 ,0
6/27/2024,4,1,7,$25.00 ,$175.00 ,0
4/3/2024,16,15,10,$20.00 ,$200.00 ,0
12/6/2023,4,2,7,$120.00 ,$840.00 ,0
3/21/2023,1,6,8,$15.00 ,$120.00 ,3
6/21/2023,3,3,2,$20.00 ,$40.00 ,0
5/18/2023,4,12,3,$50.00 ,$150.00 ,0
10/23/2023,10,13,1,$30.00 ,$30.00 ,0
1/16/2024,12,4,8,$150.00 ,"$1,200.00 ",0
6/9/2023,8,5,3,$80.00 ,$240.00 ,0
2/27/2023,4,12,3,$50.00 ,$150.00 ,0
3/28/2023,2,3,8,$20.00 ,$160.00 ,0
5/31/2024,10,13,1,$30.00 ,$30.00 ,0
10/8/2024,2,10,8,$100.00 ,$800.00 ,0
8/30/2024,13,6,2,$15.00 ,$30.00 ,0
4/15/2023,6,3,5,$20.00 ,$100.00 ,0
8/19/2024,2,1,1,$25.00 ,$25.00 ,0
12/21/2024,18,4,6,$150.00 ,$900.00 ,0
3/9/2023,1,4,3,$150.00 ,$450.00 ,0
5/21/2023,2,15,8,$20.00 ,$160.00 ,0
8/27/2023,6,11,7,$60.00 ,$420.00 ,0
10/15/2023,5,14,9,$95.00 ,$855.00 ,0
4/12/2024,8,6,7,$15.00 ,$105.00 ,2
10/21/2024,2,9,6,$110.00 ,$660.00 ,0
1/11/2024,1,6,7,$15.00 ,$105.00 ,0
4/19/2023,16,13,8,$30.00 ,$240.00 ,0
7/10/2024,2,7,6,$100.00 ,$600.00 ,2
8/26/2024,9,5,4,$80.00 ,$320.00 ,0
5/16/2023,11,9,6,$110.00 ,$660.00 ,0
12/12/2024,12,8,4,$25.00 ,$100.00 ,0
6/4/2024,9,8,4,$25.00 ,$100.00 ,0
9/30/2024,12,14,1,$95.00 ,$95.00 ,0
12/2/2024,6,2,7,$120.00 ,$840.00 ,0
5/23/2023,7,11,9,$60.00 ,$540.00 ,0
11/22/2024,5,7,6,$100.00 ,$600.00 ,0
10/4/2023,8,8,2,$25.00 ,$50.00 ,0
2/20/2023,11,6,2,$15.00 ,$30.00 ,0
9/11/2023,3,16,8,$50.00 ,$400.00 ,0
3/5/2024,18,6,8,$15.00 ,$120.00 ,0
2/28/2023,12,11,6,$60.00 ,$360.00 ,0
4/25/2024,7,7,6,$100.00 ,$600.00 ,0
3/26/2024,14,10,2,$100.00 ,$200.00 ,0
9/18/2024,11,1,7,$25.00 ,$175.00 ,0
8/20/2023,10,16,4,$50.00 ,$200.00 ,0
3/16/2023,4,2,1,$120.00 ,$120.00 ,0
5/24/2024,10,6,6,$15.00 ,$90.00 ,0
7/12/2024,2,12,10,$50.00 ,$500.00 ,0
3/9/2023,2,11,4,$60.00 ,$240.00 ,0
9/24/2024,6,9,9,$110.00 ,$990.00 ,0
5/23/2024,18,7,2,$100.00 ,$200.00 ,0
1/6/2024,18,2,7,$120.00 ,$840.00 ,0
1/28/2024,10,12,8,$50.00 ,$400.00 ,0
2/26/2023,15,2,2,$120.00 ,$240.00 ,0
8/23/2024,10,9,4,$110.00 ,$440.00 ,0
1/5/2024,18,8,5,$25.00 ,$125.00 ,0
5/26/2024,2,15,3,$20.00 ,$60.00 ,0
11/26/2023,8,13,10,$30.00 ,$300.00 ,0
3/20/2023,2,15,8,$20.00 ,$160.00 ,0
1/3/2024,2,9,2,$110.00 ,$220.00 ,0
3/28/2024,17,4,3,$150.00 ,$450.00 ,0
5/2/2024,9,15,9,$20.00 ,$180.00 ,0
4/20/2023,5,16,4,$50.00 ,$200.00 ,0
9/25/2023,4,15,9,$20.00 ,$180.00 ,0
8/23/2024,18,6,6,$15.00 ,$90.00 ,0
9/22/2024,15,3,10,$20.00 ,$200.00 ,0
7/15/2024,14,9,6,$110.00 ,$660.00 ,0
6/12/2023,6,16,4,$50.00 ,$200.00 ,0
12/25/2024,11,5,9,$80.00 ,$720.00 ,0
4/2/2024,16,10,10,$100.00 ,"$1,000.00 ",0
11/17/2023,17,2,5,$120.00 ,$600.00 ,0
2/16/2024,4,10,3,$100.00 ,$300.00 ,0
11/19/2024,3,5,9,$80.00 ,$720.00 ,0
8/30/2024,11,6,4,$15.00 ,$60.00 ,0
11/19/2024,6,11,4,$60.00 ,$240.00 ,0
4/20/2023,16,6,6,$15.00 ,$90.00 ,2
3/29/2024,3,14,3,$95.00 ,$285.00 ,0
5/2/2023,4,1,10,$25.00 ,$250.00 ,0
2/25/2023,3,13,7,$30.00 ,$210.00 ,0
6/14/2024,2,1,1,$25.00 ,$25.00 ,0
5/15/2024,11,11,5,$60.00 ,$300.00 ,0
8/28/2023,3,5,7,$80.00 ,$560.00 ,0
11/28/2024,3,2,9,$120.00 ,"$1,080.00 ",1
11/24/2024,4,5,9,$80.00 ,$720.00 ,0
3/25/2023,14,15,7,$20.00 ,$140.00 ,0
3/18/2024,4,8,3,$25.00 ,$75.00 ,0
2/12/2024,7,15,8,$20.00 ,$160.00 ,0
5/5/2024,3,5,7,$80.00 ,$560.00 ,0
2/20/2023,10,9,4,$110.00 ,$440.00 ,1
9/5/2023,6,4,2,$150.00 ,$300.00 ,0
4/17/2024,17,5,5,$80.00 ,$400.00 ,0
5/3/2023,10,1,7,$25.00 ,$175.00 ,0
6/25/2024,16,16,7,$50.00 ,$350.00 ,0
9/19/2024,10,9,6,$110.00 ,$660.00 ,0
3/26/2024,7,16,5,$50.00 ,$250.00 ,0
9/6/2023,4,16,9,$50.00 ,$450.00 ,0
7/3/2024,17,4,1,$150.00 ,$150.00 ,0
2/7/2024,14,4,5,$150.00 ,$750.00 ,0
11/4/2024,18,9,10,$110.00 ,"$1,100.00 ",0
6/12/2024,2,4,4,$150.00 ,$600.00 ,0
2/5/2023,6,2,3,$120.00 ,$360.00 ,0
10/31/2023,14,6,6,$15.00 ,$90.00 ,0
6/22/2024,12,10,9,$100.00 ,$900.00 ,0
9/26/2024,1,1,5,$25.00 ,$125.00 ,0
12/15/2024,2,10,7,$100.00 ,$700.00 ,2
8/4/2023,16,1,2,$25.00 ,$50.00 ,0
5/5/2024,14,4,4,$150.00 ,$600.00 ,1
12/27/2023,3,7,7,$100.00 ,$700.00 ,0
3/25/2023,1,14,5,$95.00 ,$475.00 ,0
9/20/2023,2,8,5,$25.00 ,$125.00 ,0
2/18/2024,6,9,7,$110.00 ,$770.00 ,0
7/13/2023,8,12,5,$50.00 ,$250.00 ,0
1/31/2024,15,6,6,$15.00 ,$90.00 ,1
7/4/2023,16,10,5,$100.00 ,$500.00 ,0
6/8/2024,16,2,8,$120.00 ,$960.00 ,0
7/9/2024,15,10,2,$100.00 ,$200.00 ,0
6/27/2024,7,10,9,$100.00 ,$900.00 ,0
7/11/2023,2,13,7,$30.00 ,$210.00 ,1
10/1/2023,5,8,10,$25.00 ,$250.00 ,0
4/12/2023,10,9,10,$110.00 ,"$1,100.00 ",0
9/2/2023,3,15,2,$20.00 ,$40.00 ,0
7/28/2024,8,9,9,$110.00 ,$990.00 ,0
3/13/2023,16,11,4,$60.00 ,$240.00 ,0
12/5/2023,7,8,5,$25.00 ,$125.00 ,0
3/14/2023,9,9,8,$110.00 ,$880.00 ,3
8/16/2023,8,2,6,$120.00 ,$720.00 ,0
10/26/2023,6,10,1,$100.00 ,$100.00 ,0
8/20/2023,9,8,9,$25.00 ,$225.00 ,0
3/3/2024,10,3,7,$20.00 ,$140.00 ,0
5/26/2023,3,7,3,$100.00 ,$300.00 ,1
7/8/2024,7,5,4,$80.00 ,$320.00 ,0
7/7/2024,7,9,6,$110.00 ,$660.00 ,0
7/17/2024,4,6,4,$15.00 ,$60.00 ,0
5/26/2023,10,6,4,$15.00 ,$60.00 ,0
11/24/2024,4,10,1,$100.00 ,$100.00 ,0
10/6/2024,9,16,2,$50.00 ,$100.00 ,0
11/25/2024,14,15,4,$20.00 ,$80.00 ,0
8/5/2023,16,8,6,$25.00 ,$150.00 ,0
10/28/2023,10,5,9,$80.00 ,$720.00 ,0
9/12/2024,7,4,4,$150.00 ,$600.00 ,0
6/25/2023,14,3,4,$20.00 ,$80.00 ,0
2/23/2023,16,9,4,$110.00 ,$440.00 ,1
11/9/2023,10,4,4,$150.00 ,$600.00 ,0
4/5/2024,10,11,8,$60.00 ,$480.00 ,0
11/25/2024,10,11,1,$60.00 ,$60.00 ,0
10/24/2023,10,13,8,$30.00 ,$240.00 ,0
9/15/2023,1,6,5,$15.00 ,$75.00 ,0
2/3/2024,10,7,3,$100.00 ,$300.00 ,0
3/27/2024,10,2,8,$120.00 ,$960.00 ,0
5/3/2023,2,9,6,$110.00 ,$660.00 ,0
11/18/2024,3,12,1,$50.00 ,$50.00 ,0
9/16/2023,1,2,1,$120.00 ,$120.00 ,0
9/14/2024,5,4,3,$150.00 ,$450.00 ,0
1/13/2024,11,10,7,$100.00 ,$700.00 ,0
4/21/2024,2,9,5,$110.00 ,$550.00 ,0
11/25/2024,13,2,10,$120.00 ,"$1,200.00 ",0
2/24/2024,1,11,3,$60.00 ,$180.00 ,0
7/3/2024,9,2,9,$120.00 ,"$1,080.00 ",0
11/8/2023,1,7,10,$100.00 ,"$1,000.00 ",0
9/17/2023,13,5,3,$80.00 ,$240.00 ,0
8/3/2023,1,7,8,$100.00 ,$800.00 ,0
3/24/2023,12,5,6,$80.00 ,$480.00 ,0
12/1/2024,6,3,8,$20.00 ,$160.00 ,0
1/2/2023,15,4,8,$150.00 ,"$1,200.00 ",0
1/27/2024,3,6,6,$15.00 ,$90.00 ,0
9/5/2024,15,7,8,$100.00 ,$800.00 ,0
6/21/2024,10,14,6,$95.00 ,$570.00 ,0
9/8/2024,15,15,9,$20.00 ,$180.00 ,0
4/24/2024,4,8,2,$25.00 ,$50.00 ,0
1/1/2023,4,7,6,$100.00 ,$600.00 ,0
6/25/2023,18,5,4,$80.00 ,$320.00 ,1
9/16/2023,16,1,8,$25.00 ,$200.00 ,0
7/5/2024,5,2,9,$120.00 ,"$1,080.00 ",1
4/17/2023,3,10,10,$100.00 ,"$1,000.00 ",0
5/3/2024,13,12,6,$50.00 ,$300.00 ,0
7/30/2023,15,10,1,$100.00 ,$100.00 ,0
10/29/2023,14,9,3,$110.00 ,$330.00 ,0
11/8/2024,13,13,3,$30.00 ,$90.00 ,0
7/1/2023,1,10,6,$100.00 ,$600.00 ,0
7/1/2023,1,12,10,$50.00 ,$500.00 ,1
10/30/2023,9,9,2,$110.00 ,$220.00 ,0
3/12/2023,11,14,3,$95.00 ,$285.00 ,0
3/14/2024,15,16,8,$50.00 ,$400.00 ,0
4/10/2024,4,1,1,$25.00 ,$25.00 ,0
8/9/2024,1,9,8,$110.00 ,$880.00 ,0
6/21/2024,9,2,2,$120.00 ,$240.00 ,0
8/18/2023,1,6,1,$15.00 ,$15.00 ,0
3/11/2023,8,2,7,$120.00 ,$840.00 ,1
8/2/2024,11,15,2,$20.00 ,$40.00 ,0
4/3/2024,7,11,7,$60.00 ,$420.00 ,1
10/27/2023,12,8,4,$25.00 ,$100.00 ,0
7/2/2024,10,9,9,$110.00 ,$990.00 ,0
1/3/2024,15,12,1,$50.00 ,$50.00 ,0
9/21/2024,12,12,6,$50.00 ,$300.00 ,0
6/15/2023,17,7,10,$100.00 ,"$1,000.00 ",0
6/20/2024,6,3,9,$20.00 ,$180.00 ,0
11/20/2024,11,5,6,$80.00 ,$480.00 ,0
8/11/2023,4,15,1,$20.00 ,$20.00 ,0
3/21/2023,14,10,5,$100.00 ,$500.00 ,1
6/25/2024,9,2,4,$120.00 ,$480.00 ,0
12/30/2023,11,7,7,$100.00 ,$700.00 ,1
12/6/2024,17,3,3,$20.00 ,$60.00 ,0
11/2/2024,18,13,6,$30.00 ,$180.00 ,0
4/22/2024,6,7,3,$100.00 ,$300.00 ,0
10/24/2024,9,7,4,$100.00 ,$400.00 ,0
12/16/2023,18,10,9,$100.00 ,$900.00 ,0
5/3/2024,8,4,6,$150.00 ,$900.00 ,0
4/28/2023,12,8,7,$25.00 ,$175.00 ,0
6/5/2024,17,14,8,$95.00 ,$760.00 ,0
10/26/2023,8,13,2,$30.00 ,$60.00 ,0
7/4/2023,1,3,8,$20.00 ,$160.00 ,0
8/20/2024,16,2,7,$120.00 ,$840.00 ,0
11/4/2024,3,2,7,$120.00 ,$840.00 ,0
10/18/2023,8,6,6,$15.00 ,$90.00 ,0
10/7/2023,6,9,7,$110.00 ,$770.00 ,0
9/10/2023,7,1,8,$25.00 ,$200.00 ,0
3/7/2023,7,4,2,$150.00 ,$300.00 ,0
4/14/2024,11,14,9,$95.00 ,$855.00 ,2
1/12/2024,12,8,7,$25.00 ,$175.00 ,0
12/3/2024,1,10,10,$100.00 ,"$1,000.00 ",0
2/1/2024,16,2,4,$120.00 ,$480.00 ,0
8/29/2024,18,8,9,$25.00 ,$225.00 ,0
8/12/2023,7,4,6,$150.00 ,$900.00 ,0
11/25/2023,4,13,9,$30.00 ,$270.00 ,0
2/23/2023,13,13,3,$30.00 ,$90.00 ,0
5/14/2023,15,8,4,$25.00 ,$100.00 ,0
5/14/2023,5,3,5,$20.00 ,$100.00 ,0
2/4/2024,8,5,4,$80.00 ,$320.00 ,0
11/25/2023,2,5,7,$80.00 ,$560.00 ,0
11/26/2023,16,6,1,$15.00 ,$15.00 ,0
4/9/2024,2,8,6,$25.00 ,$150.00 ,0
6/18/2024,6,15,4,$20.00 ,$80.00 ,0
10/5/2024,11,1,6,$25.00 ,$150.00 ,0
10/12/2024,2,9,7,$110.00 ,$770.00 ,1
10/11/2023,16,11,1,$60.00 ,$60.00 ,0
10/28/2023,9,10,1,$100.00 ,$100.00 ,0
11/20/2024,8,3,6,$20.00 ,$120.00 ,0
6/13/2023,3,8,4,$25.00 ,$100.00 ,0
5/27/2023,15,11,1,$60.00 ,$60.00 ,0
12/12/2023,18,11,3,$60.00 ,$180.00 ,0
3/9/2024,12,12,6,$50.00 ,$300.00 ,0
9/24/2024,5,1,6,$25.00 ,$150.00 ,0
11/7/2023,10,10,9,$100.00 ,$900.00 ,0
4/13/2023,17,7,8,$100.00 ,$800.00 ,0
9/20/2024,5,3,2,$20.00 ,$40.00 ,0
2/18/2024,2,1,8,$25.00 ,$200.00 ,2
2/12/2023,3,6,3,$15.00 ,$45.00 ,0
3/11/2024,5,7,8,$100.00 ,$800.00 ,0
10/10/2023,14,9,4,$110.00 ,$440.00 ,0
4/2/2023,11,6,3,$15.00 ,$45.00 ,0
5/11/2023,9,12,9,$50.00 ,$450.00 ,0
7/30/2024,16,14,4,$95.00 ,$380.00 ,0
2/12/2024,14,5,8,$80.00 ,$640.00 ,0
11/25/2023,9,16,7,$50.00 ,$350.00 ,0
3/22/2023,4,16,3,$50.00 ,$150.00 ,0
5/20/2024,1,8,1,$25.00 ,$25.00 ,0
7/18/2023,8,2,5,$120.00 ,$600.00 ,0
4/19/2023,3,10,6,$100.00 ,$600.00 ,0
7/26/2024,16,13,2,$30.00 ,$60.00 ,0
4/27/2024,8,15,7,$20.00 ,$140.00 ,0
11/11/2023,3,11,8,$60.00 ,$480.00 ,0
3/9/2024,7,13,6,$30.00 ,$180.00 ,0
11/16/2023,16,6,10,$15.00 ,$150.00 ,1
2/26/2024,18,15,3,$20.00 ,$60.00 ,0
2/7/2023,14,3,6,$20.00 ,$120.00 ,0
8/8/2024,13,12,10,$50.00 ,$500.00 ,0
12/5/2024,2,2,7,$120.00 ,$840.00 ,0
12/23/2023,11,16,3,$50.00 ,$150.00 ,0
12/10/2023,2,1,9,$25.00 ,$225.00 ,0
2/11/2023,14,9,5,$110.00 ,$550.00 ,0
3/31/2024,3,4,8,$150.00 ,"$1,200.00 ",0
10/26/2023,1,16,4,$50.00 ,$200.00 ,1
6/22/2023,4,2,10,$120.00 ,"$1,200.00 ",0
12/6/2024,14,11,10,$60.00 ,$600.00 ,0
7/27/2023,4,5,2,$80.00 ,$160.00 ,0
5/21/2023,16,7,9,$100.00 ,$900.00 ,0
10/15/2024,15,15,1,$20.00 ,$20.00 ,0
8/19/2023,1,8,10,$25.00 ,$250.00 ,0
11/2/2024,1,4,9,$150.00 ,"$1,350.00 ",0
5/25/2024,16,1,6,$25.00 ,$150.00 ,2
2/26/2024,18,8,6,$25.00 ,$150.00 ,2
5/9/2024,14,13,8,$30.00 ,$240.00 ,0
5/24/2024,6,16,7,$50.00 ,$350.00 ,0
11/26/2024,5,6,3,$15.00 ,$45.00 ,0
10/18/2024,1,11,10,$60.00 ,$600.00 ,0
3/10/2024,11,11,7,$60.00 ,$420.00 ,0
10/19/2023,8,9,1,$110.00 ,$110.00 ,0
3/9/2024,16,10,8,$100.00 ,$800.00 ,0
5/11/2023,3,10,7,$100.00 ,$700.00 ,0
7/9/2024,5,1,5,$25.00 ,$125.00 ,0
6/2/2023,3,4,9,$150.00 ,"$1,350.00 ",0
7/29/2024,2,5,6,$80.00 ,$480.00 ,0
5/8/2023,4,2,2,$120.00 ,$240.00 ,0
8/11/2024,16,9,4,$110.00 ,$440.00 ,0
7/2/2023,15,9,2,$110.00 ,$220.00 ,0
6/12/2023,18,10,7,$100.00 ,$700.00 ,0
7/21/2023,7,8,2,$25.00 ,$50.00 ,0
10/15/2023,13,8,6,$25.00 ,$150.00 ,1
5/9/2024,12,4,4,$150.00 ,$600.00 ,0
5/15/2024,17,6,4,$15.00 ,$60.00 ,0
9/15/2024,6,5,1,$80.00 ,$80.00 ,0
7/28/2023,10,8,5,$25.00 ,$125.00 ,0
6/27/2024,7,11,5,$60.00 ,$300.00 ,0
9/20/2024,4,8,6,$25.00 ,$150.00 ,0
1/10/2024,2,13,5,$30.00 ,$150.00 ,0
2/1/2024,6,13,5,$30.00 ,$150.00 ,0
4/9/2023,10,7,1,$100.00 ,$100.00 ,0
12/12/2023,3,2,6,$120.00 ,$720.00 ,0
4/23/2023,10,8,1,$25.00 ,$25.00 ,0
2/2/2024,10,10,7,$100.00 ,$700.00 ,0
10/9/2023,11,9,3,$110.00 ,$330.00 ,0
7/10/2023,15,15,7,$20.00 ,$140.00 ,0
4/9/2023,14,10,2,$100.00 ,$200.00 ,0
6/10/2024,7,5,7,$80.00 ,$560.00 ,0
3/6/2023,7,11,1,$60.00 ,$60.00 ,0
2/25/2024,9,13,3,$30.00 ,$90.00 ,0
2/23/2023,13,12,1,$50.00 ,$50.00 ,0
6/30/2024,12,1,7,$25.00 ,$175.00 ,2
3/1/2024,12,9,3,$110.00 ,$330.00 ,0
10/26/2023,6,13,3,$30.00 ,$90.00 ,0
6/2/2023,1,15,5,$20.00 ,$100.00 ,0
11/5/2023,4,3,2,$20.00 ,$40.00 ,0
9/26/2024,4,11,7,$60.00 ,$420.00 ,0
3/21/2023,14,13,3,$30.00 ,$90.00 ,0
6/5/2023,8,4,7,$150.00 ,"$1,050.00 ",0
2/13/2024,15,12,8,$50.00 ,$400.00 ,0
8/7/2023,15,10,3,$100.00 ,$300.00 ,1
5/25/2024,7,5,5,$80.00 ,$400.00 ,0
8/2/2023,7,13,6,$30.00 ,$180.00 ,0
11/19/2023,2,7,7,$100.00 ,$700.00 ,0
3/20/2023,17,1,8,$25.00 ,$200.00 ,0
1/16/2023,11,14,3,$95.00 ,$285.00 ,0
6/1/2024,4,12,10,$50.00 ,$500.00 ,0
3/23/2024,2,12,2,$50.00 ,$100.00 ,0
7/21/2023,11,4,4,$150.00 ,$600.00 ,1
10/7/2023,1,8,4,$25.00 ,$100.00 ,0
7/13/2024,5,12,6,$50.00 ,$300.00 ,0
9/5/2024,5,14,10,$95.00 ,$950.00 ,0
7/21/2024,14,8,1,$25.00 ,$25.00 ,0
11/12/2023,18,2,9,$120.00 ,"$1,080.00 ",0
9/23/2023,5,10,1,$100.00 ,$100.00 ,0
9/30/2023,11,4,2,$150.00 ,$300.00 ,0
7/13/2023,10,15,5,$20.00 ,$100.00 ,0
6/6/2023,17,3,3,$20.00 ,$60.00 ,0
9/13/2023,10,5,6,$80.00 ,$480.00 ,0
11/24/2023,9,9,10,$110.00 ,"$1,100.00 ",0
5/10/2023,15,9,10,$110.00 ,"$1,100.00 ",0
4/11/2024,18,6,3,$15.00 ,$45.00 ,0
2/6/2024,18,12,7,$50.00 ,$350.00 ,0
1/8/2023,8,14,1,$95.00 ,$95.00 ,0
4/8/2024,5,8,3,$25.00 ,$75.00 ,0
7/27/2023,9,2,8,$120.00 ,$960.00 ,0
1/12/2023,16,3,4,$20.00 ,$80.00 ,0
2/14/2024,7,15,7,$20.00 ,$140.00 ,0
12/21/2023,9,2,5,$120.00 ,$600.00 ,0
2/4/2024,4,4,8,$150.00 ,"$1,200.00 ",2
2/23/2023,3,9,8,$110.00 ,$880.00 ,0
7/20/2024,8,16,2,$50.00 ,$100.00 ,0
4/22/2024,6,4,9,$150.00 ,"$1,350.00 ",0
8/22/2024,2,15,6,$20.00 ,$120.00 ,0
7/15/2024,1,9,7,$110.00 ,$770.00 ,0
10/1/2023,11,5,8,$80.00 ,$640.00 ,0
3/25/2023,2,2,2,$120.00 ,$240.00 ,0
11/19/2023,13,11,2,$60.00 ,$120.00 ,0
1/18/2023,2,5,3,$80.00 ,$240.00 ,0
8/8/2023,8,2,6,$120.00 ,$720.00 ,0
2/15/2023,7,7,8,$100.00 ,$800.00 ,0
5/28/2023,13,9,8,$110.00 ,$880.00 ,0
12/23/2024,8,11,1,$60.00 ,$60.00 ,0
4/5/2023,4,14,10,$95.00 ,$950.00 ,0
12/26/2024,1,11,7,$60.00 ,$420.00 ,0
3/24/2023,14,10,2,$100.00 ,$200.00 ,0
9/1/2023,4,1,9,$25.00 ,$225.00 ,0
8/14/2024,11,7,3,$100.00 ,$300.00 ,0
4/3/2024,8,16,6,$50.00 ,$300.00 ,0
3/19/2024,4,16,8,$50.00 ,$400.00 ,0
5/17/2023,10,4,9,$150.00 ,"$1,350.00 ",3
2/12/2023,11,4,4,$150.00 ,$600.00 ,0
7/27/2023,2,8,3,$25.00 ,$75.00 ,0
8/30/2023,11,15,10,$20.00 ,$200.00 ,0
2/5/2023,4,1,2,$25.00 ,$50.00 ,0
5/24/2024,3,8,1,$25.00 ,$25.00 ,0
10/17/2023,3,7,10,$100.00 ,"$1,000.00 ",0
12/23/2024,2,4,4,$150.00 ,$600.00 ,0
2/20/2023,12,1,4,$25.00 ,$100.00 ,0
8/10/2024,5,9,1,$110.00 ,$110.00 ,0
8/30/2023,4,13,8,$30.00 ,$240.00 ,0
10/10/2024,7,4,9,$150.00 ,"$1,350.00 ",1
8/26/2023,7,8,9,$25.00 ,$225.00 ,0
8/9/2024,18,15,6,$20.00 ,$120.00 ,0
8/12/2024,11,9,4,$110.00 ,$440.00 ,0
3/13/2024,8,14,6,$95.00 ,$570.00 ,0
3/15/2023,3,1,8,$25.00 ,$200.00 ,0
2/22/2024,16,9,8,$110.00 ,$880.00 ,2
3/4/2024,13,1,7,$25.00 ,$175.00 ,0
7/13/2024,14,16,10,$50.00 ,$500.00 ,0
4/19/2023,18,7,3,$100.00 ,$300.00 ,0
10/10/2024,16,9,9,$110.00 ,$990.00 ,0
1/16/2024,10,2,4,$120.00 ,$480.00 ,0
11/27/2023,9,10,2,$100.00 ,$200.00 ,0
1/28/2023,15,1,5,$25.00 ,$125.00 ,0
8/26/2024,4,4,4,$150.00 ,$600.00 ,0
5/8/2024,18,9,3,$110.00 ,$330.00 ,0
3/15/2024,13,12,1,$50.00 ,$50.00 ,0
8/24/2023,5,11,1,$60.00 ,$60.00 ,0
1/15/2024,14,14,6,$95.00 ,$570.00 ,0
2/17/2024,3,13,3,$30.00 ,$90.00 ,0
3/4/2024,14,2,5,$120.00 ,$600.00 ,0
1/18/2023,10,6,1,$15.00 ,$15.00 ,0
9/3/2024,16,16,3,$50.00 ,$150.00 ,0
4/6/2024,2,12,9,$50.00 ,$450.00 ,0
1/21/2023,4,13,3,$30.00 ,$90.00 ,0
8/30/2024,17,15,8,$20.00 ,$160.00 ,0
6/28/2023,3,9,8,$110.00 ,$880.00 ,0
2/15/2024,7,3,8,$20.00 ,$160.00 ,0
5/13/2023,15,1,3,$25.00 ,$75.00 ,0
10/20/2024,11,12,8,$50.00 ,$400.00 ,0
8/12/2024,1,16,8,$50.00 ,$400.00 ,0
10/31/2023,6,15,8,$20.00 ,$160.00 ,0
11/10/2023,1,12,7,$50.00 ,$350.00 ,0
7/9/2023,12,5,4,$80.00 ,$320.00 ,0
12/19/2024,9,4,9,$150.00 ,"$1,350.00 ",0
10/11/2024,14,5,5,$80.00 ,$400.00 ,0
3/16/2023,5,8,3,$25.00 ,$75.00 ,0
4/4/2024,12,3,1,$20.00 ,$20.00 ,0
12/9/2023,1,7,8,$100.00 ,$800.00 ,0
10/19/2023,14,5,5,$80.00 ,$400.00 ,0
8/2/2023,11,1,8,$25.00 ,$200.00 ,0
6/21/2024,14,6,7,$15.00 ,$105.00 ,0
4/26/2023,9,15,3,$20.00 ,$60.00 ,0
9/7/2023,14,2,1,$120.00 ,$120.00 ,0
12/31/2024,7,5,7,$80.00 ,$560.00 ,2
10/30/2024,7,11,1,$60.00 ,$60.00 ,0
9/11/2023,2,9,3,$110.00 ,$330.00 ,0
10/20/2023,2,11,10,$60.00 ,$600.00 ,0
3/26/2024,1,13,3,$30.00 ,$90.00 ,0
4/5/2024,4,4,6,$150.00 ,$900.00 ,0
9/20/2024,6,6,8,$15.00 ,$120.00 ,0
10/2/2023,6,13,9,$30.00 ,$270.00 ,0
5/11/2024,17,8,7,$25.00 ,$175.00 ,0
2/12/2024,18,11,8,$60.00 ,$480.00 ,0
4/26/2023,16,14,1,$95.00 ,$95.00 ,0
8/13/2023,10,5,2,$80.00 ,$160.00 ,0
1/9/2024,11,2,6,$120.00 ,$720.00 ,0
1/9/2023,4,12,3,$50.00 ,$150.00 ,0
6/10/2024,9,4,3,$150.00 ,$450.00 ,0
12/15/2023,8,10,4,$100.00 ,$400.00 ,0
7/10/2024,2,8,8,$25.00 ,$200.00 ,0
12/30/2024,15,7,1,$100.00 ,$100.00 ,0
8/30/2024,15,12,10,$50.00 ,$500.00 ,0
11/30/2023,8,7,1,$100.00 ,$100.00 ,0
3/17/2023,7,14,3,$95.00 ,$285.00 ,0
7/1/2024,14,13,1,$30.00 ,$30.00 ,0
8/20/2024,11,11,10,$60.00 ,$600.00 ,0
4/27/2023,13,7,4,$100.00 ,$400.00 ,0
11/20/2024,10,16,1,$50.00 ,$50.00 ,0
4/27/2023,14,14,5,$95.00 ,$475.00 ,0
5/18/2023,14,12,2,$50.00 ,$100.00 ,0
3/25/2023,8,3,5,$20.00 ,$100.00 ,0
7/17/2023,16,8,1,$25.00 ,$25.00 ,0
4/22/2024,11,4,9,$150.00 ,"$1,350.00 ",0
8/5/2024,1,7,1,$100.00 ,$100.00 ,0
9/3/2024,1,6,10,$15.00 ,$150.00 ,0
1/2/2024,2,13,6,$30.00 ,$180.00 ,0
8/31/2024,18,7,10,$100.00 ,"$1,000.00 ",0
6/24/2024,7,13,2,$30.00 ,$60.00 ,0
11/5/2024,15,4,6,$150.00 ,$900.00 ,0
9/15/2024,2,7,4,$100.00 ,$400.00 ,0
8/1/2023,17,11,6,$60.00 ,$360.00 ,0
7/28/2024,12,10,2,$100.00 ,$200.00 ,0
7/28/2023,5,2,10,$120.00 ,"$1,200.00 ",2
10/14/2023,17,9,1,$110.00 ,$110.00 ,0
2/28/2024,17,10,8,$100.00 ,$800.00 ,0
4/10/2023,7,12,3,$50.00 ,$150.00 ,0
5/24/2024,17,14,7,$95.00 ,$665.00 ,0
11/15/2023,13,11,3,$60.00 ,$180.00 ,0
7/16/2024,1,16,2,$50.00 ,$100.00 ,0
10/4/2024,5,6,3,$15.00 ,$45.00 ,0
11/15/2023,7,12,10,$50.00 ,$500.00 ,0
10/31/2023,10,3,4,$20.00 ,$80.00 ,0
8/1/2023,13,8,4,$25.00 ,$100.00 ,0
2/15/2023,18,12,4,$50.00 ,$200.00 ,0
10/25/2024,14,5,8,$80.00 ,$640.00 ,0
9/6/2024,10,3,1,$20.00 ,$20.00 ,0
9/14/2023,18,3,4,$20.00 ,$80.00 ,0
2/23/2024,6,4,4,$150.00 ,$600.00 ,0
12/27/2023,17,15,8,$20.00 ,$160.00 ,0
6/1/2023,6,6,4,$15.00 ,$60.00 ,0
8/17/2023,8,3,1,$20.00 ,$20.00 ,0
5/5/2024,15,6,8,$15.00 ,$120.00 ,0
12/1/2024,12,1,6,$25.00 ,$150.00 ,0
6/9/2024,4,14,7,$95.00 ,$665.00 ,0
8/31/2023,11,2,7,$120.00 ,$840.00 ,0
2/28/2024,5,8,8,$25.00 ,$200.00 ,0
1/17/2023,14,2,7,$120.00 ,$840.00 ,0
11/29/2023,9,11,5,$60.00 ,$300.00 ,0
10/29/2023,10,16,4,$50.00 ,$200.00 ,0
7/22/2024,4,2,9,$120.00 ,"$1,080.00 ",0
12/26/2024,17,3,1,$20.00 ,$20.00 ,0
8/15/2024,8,2,10,$120.00 ,"$1,200.00 ",3
5/21/2024,12,9,4,$110.00 ,$440.00 ,0
12/11/2024,7,15,8,$20.00 ,$160.00 ,0
4/28/2024,1,10,2,$100.00 ,$200.00 ,0
11/19/2023,18,9,1,$110.00 ,$110.00 ,0
6/30/2024,9,2,1,$120.00 ,$120.00 ,0
5/16/2023,2,12,6,$50.00 ,$300.00 ,0
8/11/2024,14,11,8,$60.00 ,$480.00 ,0
5/9/2023,7,3,2,$20.00 ,$40.00 ,0
5/14/2024,7,4,8,$150.00 ,"$1,200.00 ",0
1/1/2024,7,10,6,$100.00 ,$600.00 ,0
6/3/2024,13,4,3,$150.00 ,$450.00 ,0
12/17/2023,8,15,8,$20.00 ,$160.00 ,0
11/28/2023,4,1,1,$25.00 ,$25.00 ,0
2/7/2024,13,2,6,$120.00 ,$720.00 ,0
7/14/2024,12,7,5,$100.00 ,$500.00 ,0
7/29/2023,3,10,6,$100.00 ,$600.00 ,0
4/10/2024,4,10,10,$100.00 ,"$1,000.00 ",0
11/9/2023,1,14,10,$95.00 ,$950.00 ,2
9/17/2023,7,4,6,$150.00 ,$900.00 ,0
1/5/2024,15,16,3,$50.00 ,$150.00 ,0
3/21/2024,14,9,1,$110.00 ,$110.00 ,0
10/29/2024,10,16,10,$50.00 ,$500.00 ,0
8/18/2023,5,8,7,$25.00 ,$175.00 ,0
6/17/2023,5,4,1,$150.00 ,$150.00 ,0
10/21/2024,16,11,2,$60.00 ,$120.00 ,0
1/3/2024,18,8,1,$25.00 ,$25.00 ,0
12/21/2024,15,1,1,$25.00 ,$25.00 ,0
7/2/2024,2,2,4,$120.00 ,$480.00 ,0
2/24/2023,14,5,2,$80.00 ,$160.00 ,0
7/2/2024,14,11,7,$60.00 ,$420.00 ,0
9/18/2023,12,13,8,$30.00 ,$240.00 ,0
6/6/2023,14,4,3,$150.00 ,$450.00 ,0
6/2/2023,6,13,4,$30.00 ,$120.00 ,0
5/24/2024,10,15,2,$20.00 ,$40.00 ,0
1/19/2023,4,7,8,$100.00 ,$800.00 ,0
12/23/2024,9,14,1,$95.00 ,$95.00 ,0
12/14/2023,9,7,1,$100.00 ,$100.00 ,0
8/7/2023,17,6,7,$15.00 ,$105.00 ,0
9/8/2023,2,10,2,$100.00 ,$200.00 ,0
6/10/2023,15,3,5,$20.00 ,$100.00 ,0
10/30/2023,4,9,10,$110.00 ,"$1,100.00 ",0
12/18/2023,16,13,10,$30.00 ,$300.00 ,0
10/1/2023,13,5,1,$80.00 ,$80.00 ,0
9/2/2023,16,8,5,$25.00 ,$125.00 ,0
7/12/2023,4,6,10,$15.00 ,$150.00 ,0
2/3/2023,9,2,8,$120.00 ,$960.00 ,1
7/10/2023,9,8,7,$25.00 ,$175.00 ,0
4/14/2023,16,3,7,$20.00 ,$140.00 ,0
4/25/2023,6,4,4,$150.00 ,$600.00 ,0
11/15/2023,11,15,9,$20.00 ,$180.00 ,0
12/27/2024,15,9,1,$110.00 ,$110.00 ,0
7/8/2024,3,8,9,$25.00 ,$225.00 ,0
10/10/2023,5,9,3,$110.00 ,$330.00 ,0
1/16/2023,4,5,4,$80.00 ,$320.00 ,0
10/14/2023,16,12,4,$50.00 ,$200.00 ,0
6/29/2023,7,8,8,$25.00 ,$200.00 ,2
5/19/2024,10,13,9,$30.00 ,$270.00 ,0
11/12/2024,6,9,4,$110.00 ,$440.00 ,0
7/14/2024,16,8,2,$25.00 ,$50.00 ,0
7/7/2024,2,6,2,$15.00 ,$30.00 ,0
11/21/2024,6,14,9,$95.00 ,$855.00 ,0
7/4/2024,7,16,2,$50.00 ,$100.00 ,0
6/8/2023,13,14,2,$95.00 ,$190.00 ,0
2/12/2023,10,5,5,$80.00 ,$400.00 ,0
11/27/2023,8,15,2,$20.00 ,$40.00 ,0
3/24/2024,11,1,1,$25.00 ,$25.00 ,0
7/27/2023,4,15,9,$20.00 ,$180.00 ,0
5/23/2023,13,4,9,$150.00 ,"$1,350.00 ",0
11/16/2024,15,6,6,$15.00 ,$90.00 ,0
12/16/2024,6,8,9,$25.00 ,$225.00 ,0
10/15/2023,2,11,8,$60.00 ,$480.00 ,0
11/5/2023,10,1,2,$25.00 ,$50.00 ,0
12/10/2023,14,6,6,$15.00 ,$90.00 ,0
7/9/2023,2,8,2,$25.00 ,$50.00 ,0
3/20/2023,15,8,3,$25.00 ,$75.00 ,0
4/10/2023,18,3,8,$20.00 ,$160.00 ,0
11/27/2023,6,9,2,$110.00 ,$220.00 ,0
10/20/2023,14,12,9,$50.00 ,$450.00 ,3
8/31/2023,14,2,8,$120.00 ,$960.00 ,0
6/26/2023,17,12,5,$50.00 ,$250.00 ,0
8/25/2023,7,16,9,$50.00 ,$450.00 ,0
8/1/2023,4,4,1,$150.00 ,$150.00 ,0
8/28/2023,6,12,6,$50.00 ,$300.00 ,0
3/5/2023,3,7,5,$100.00 ,$500.00 ,0
4/3/2024,10,6,5,$15.00 ,$75.00 ,0
4/17/2023,18,10,9,$100.00 ,$900.00 ,0
10/4/2023,2,7,4,$100.00 ,$400.00 ,0
5/20/2023,15,8,4,$25.00 ,$100.00 ,0
2/4/2023,11,10,1,$100.00 ,$100.00 ,0
3/26/2024,7,7,4,$100.00 ,$400.00 ,0
3/14/2023,17,11,6,$60.00 ,$360.00 ,0
6/11/2024,1,11,8,$60.00 ,$480.00 ,0
8/3/2024,2,6,10,$15.00 ,$150.00 ,0
5/3/2023,8,3,10,$20.00 ,$200.00 ,0
1/29/2023,16,12,3,$50.00 ,$150.00 ,0
12/11/2024,16,9,6,$110.00 ,$660.00 ,0
7/6/2024,15,16,7,$50.00 ,$350.00 ,0
12/19/2023,15,14,3,$95.00 ,$285.00 ,0
6/8/2023,4,7,4,$100.00 ,$400.00 ,0
5/6/2023,16,3,6,$20.00 ,$120.00 ,0
1/15/2023,5,10,1,$100.00 ,$100.00 ,0
2/17/2024,17,14,6,$95.00 ,$570.00 ,0
8/28/2024,13,11,9,$60.00 ,$540.00 ,0
2/6/2023,11,9,1,$110.00 ,$110.00 ,0
10/27/2023,4,8,2,$25.00 ,$50.00 ,0
2/23/2024,8,3,8,$20.00 ,$160.00 ,1
8/20/2023,10,11,8,$60.00 ,$480.00 ,0
10/8/2023,16,10,8,$100.00 ,$800.00 ,0
5/1/2024,16,5,6,$80.00 ,$480.00 ,0
9/8/2023,5,2,4,$120.00 ,$480.00 ,0
6/3/2024,2,13,4,$30.00 ,$120.00 ,0
11/27/2024,10,7,10,$100.00 ,"$1,000.00 ",0
9/25/2023,17,4,5,$150.00 ,$750.00 ,0
1/28/2023,8,5,7,$80.00 ,$560.00 ,0
7/18/2023,14,3,6,$20.00 ,$120.00 ,0
7/8/2024,9,10,9,$100.00 ,$900.00 ,0
6/5/2024,10,6,6,$15.00 ,$90.00 ,0
7/14/2023,4,10,9,$100.00 ,$900.00 ,0
12/29/2023,2,10,8,$100.00 ,$800.00 ,0
6/10/2024,7,16,10,$50.00 ,$500.00 ,2
2/17/2024,14,12,3,$50.00 ,$150.00 ,0
5/8/2023,16,1,5,$25.00 ,$125.00 ,1
9/1/2023,10,10,4,$100.00 ,$400.00 ,0
10/5/2023,8,3,6,$20.00 ,$120.00 ,0
2/20/2024,14,6,1,$15.00 ,$15.00 ,0
1/13/2024,14,14,3,$95.00 ,$285.00 ,0
6/10/2023,13,2,1,$120.00 ,$120.00 ,0
6/27/2024,4,4,2,$150.00 ,$300.00 ,0
8/7/2024,15,4,10,$150.00 ,"$1,500.00 ",0
2/24/2023,16,2,8,$120.00 ,$960.00 ,1
2/25/2024,9,12,8,$50.00 ,$400.00 ,0
3/11/2024,9,3,4,$20.00 ,$80.00 ,0
10/26/2024,1,9,1,$110.00 ,$110.00 ,0
6/17/2024,4,15,3,$20.00 ,$60.00 ,0
8/4/2024,7,13,8,$30.00 ,$240.00 ,0
12/21/2023,10,16,6,$50.00 ,$300.00 ,0
1/18/2023,10,8,8,$25.00 ,$200.00 ,0
9/15/2024,17,13,5,$30.00 ,$150.00 ,0
10/30/2024,1,10,1,$100.00 ,$100.00 ,0
6/29/2024,6,11,10,$60.00 ,$600.00 ,0
1/17/2024,12,1,1,$25.00 ,$25.00 ,0
6/28/2024,2,1,8,$25.00 ,$200.00 ,1
4/1/2023,10,4,9,$150.00 ,"$1,350.00 ",0
4/13/2024,17,3,10,$20.00 ,$200.00 ,0
3/18/2024,4,13,3,$30.00 ,$90.00 ,0
10/26/2024,14,4,9,$150.00 ,"$1,350.00 ",0
4/9/2024,18,15,9,$20.00 ,$180.00 ,0
1/10/2023,4,13,8,$30.00 ,$240.00 ,0
5/16/2024,5,16,2,$50.00 ,$100.00 ,0
3/20/2023,5,10,7,$100.00 ,$700.00 ,1
7/1/2023,15,14,7,$95.00 ,$665.00 ,0
6/26/2023,13,7,10,$100.00 ,"$1,000.00 ",0
6/23/2023,4,6,9,$15.00 ,$135.00 ,0
12/14/2024,14,8,1,$25.00 ,$25.00 ,0
5/22/2024,10,1,5,$25.00 ,$125.00 ,0
9/9/2024,6,8,6,$25.00 ,$150.00 ,0
9/4/2024,18,11,5,$60.00 ,$300.00 ,1
12/27/2024,17,7,5,$100.00 ,$500.00 ,0
10/10/2024,3,11,7,$60.00 ,$420.00 ,0
9/13/2023,12,13,9,$30.00 ,$270.00 ,0
1/31/2024,8,10,8,$100.00 ,$800.00 ,0
12/11/2023,17,11,7,$60.00 ,$420.00 ,0
8/21/2024,3,13,3,$30.00 ,$90.00 ,0
9/24/2023,1,11,9,$60.00 ,$540.00 ,0
4/2/2023,8,3,8,$20.00 ,$160.00 ,0
5/21/2023,13,8,7,$25.00 ,$175.00 ,0
3/18/2024,15,3,7,$20.00 ,$140.00 ,0
10/30/2023,11,11,9,$60.00 ,$540.00 ,0
5/2/2024,3,8,7,$25.00 ,$175.00 ,0
2/6/2024,13,8,5,$25.00 ,$125.00 ,0
9/3/2023,1,5,9,$80.00 ,$720.00 ,3
6/24/2023,8,3,2,$20.00 ,$40.00 ,0
5/17/2023,15,16,5,$50.00 ,$250.00 ,0
9/28/2023,7,5,8,$80.00 ,$640.00 ,0
12/28/2023,15,3,10,$20.00 ,$200.00 ,0
1/7/2024,6,8,5,$25.00 ,$125.00 ,0
4/7/2024,9,3,9,$20.00 ,$180.00 ,0
9/13/2023,15,8,10,$25.00 ,$250.00 ,0
9/27/2024,16,12,10,$50.00 ,$500.00 ,0
4/9/2024,16,2,3,$120.00 ,$360.00 ,0
10/16/2023,4,4,2,$150.00 ,$300.00 ,0
5/7/2024,5,10,10,$100.00 ,"$1,000.00 ",0
9/5/2023,18,16,4,$50.00 ,$200.00 ,0
6/15/2024,3,7,3,$100.00 ,$300.00 ,0
6/24/2024,4,6,9,$15.00 ,$135.00 ,0
3/31/2023,18,15,8,$20.00 ,$160.00 ,0
2/10/2024,15,1,1,$25.00 ,$25.00 ,0
1/16/2024,16,10,3,$100.00 ,$300.00 ,0
1/17/2023,15,15,3,$20.00 ,$60.00 ,0
8/8/2023,2,3,10,$20.00 ,$200.00 ,0
6/10/2023,18,4,8,$150.00 ,"$1,200.00 ",0
11/24/2024,9,4,2,$150.00 ,$300.00 ,0
8/21/2023,9,14,1,$95.00 ,$95.00 ,0
7/6/2023,6,16,7,$50.00 ,$350.00 ,0
2/19/2023,11,12,1,$50.00 ,$50.00 ,0
4/2/2024,16,15,4,$20.00 ,$80.00 ,0
11/11/2023,10,9,9,$110.00 ,$990.00 ,0
5/16/2023,12,10,10,$100.00 ,"$1,000.00 ",0
12/11/2023,18,12,10,$50.00 ,$500.00 ,0
1/18/2024,7,12,4,$50.00 ,$200.00 ,0
3/19/2024,12,16,6,$50.00 ,$300.00 ,0
10/23/2023,4,11,7,$60.00 ,$420.00 ,0
2/7/2023,10,3,6,$20.00 ,$120.00 ,0
7/18/2023,3,4,9,$150.00 ,"$1,350.00 ",0
7/23/2023,2,11,9,$60.00 ,$540.00 ,0
1/23/2024,3,7,3,$100.00 ,$300.00 ,0
3/20/2023,15,14,8,$95.00 ,$760.00 ,3
2/20/2023,18,5,5,$80.00 ,$400.00 ,0
5/21/2023,16,2,9,$120.00 ,"$1,080.00 ",0
3/9/2023,4,13,3,$30.00 ,$90.00 ,0
7/15/2023,5,1,6,$25.00 ,$150.00 ,0
3/27/2024,1,16,7,$50.00 ,$350.00 ,0
7/12/2024,5,12,1,$50.00 ,$50.00 ,0
4/11/2023,13,4,7,$150.00 ,"$1,050.00 ",0
8/3/2024,11,4,10,$150.00 ,"$1,500.00 ",0
7/17/2023,11,6,3,$15.00 ,$45.00 ,0
1/5/2024,16,1,3,$25.00 ,$75.00 ,0
5/22/2024,5,4,3,$150.00 ,$450.00 ,0
10/4/2024,5,2,7,$120.00 ,$840.00 ,0
3/3/2024,12,9,1,$110.00 ,$110.00 ,0
6/14/2024,8,10,2,$100.00 ,$200.00 ,0
10/7/2024,12,16,5,$50.00 ,$250.00 ,0
11/11/2024,9,12,7,$50.00 ,$350.00 ,0
9/21/2023,4,7,10,$100.00 ,"$1,000.00 ",0
12/12/2023,16,7,5,$100.00 ,$500.00 ,0
8/24/2024,6,13,9,$30.00 ,$270.00 ,0
9/22/2024,11,16,7,$50.00 ,$350.00 ,0
7/19/2024,5,12,2,$50.00 ,$100.00 ,0
4/16/2023,3,15,1,$20.00 ,$20.00 ,0
10/5/2024,17,11,1,$60.00 ,$60.00 ,0
10/16/2024,12,14,8,$95.00 ,$760.00 ,0
10/29/2024,12,3,3,$20.00 ,$60.00 ,0
5/31/2023,13,8,8,$25.00 ,$200.00 ,0
6/7/2023,6,8,9,$25.00 ,$225.00 ,0
5/3/2023,17,16,10,$50.00 ,$500.00 ,0
10/18/2023,2,2,7,$120.00 ,$840.00 ,0
9/5/2024,1,11,1,$60.00 ,$60.00 ,0
4/14/2024,10,14,1,$95.00 ,$95.00 ,0
9/6/2023,5,1,10,$25.00 ,$250.00 ,0
10/9/2024,8,13,5,$30.00 ,$150.00 ,0
8/27/2023,10,14,10,$95.00 ,$950.00 ,0
6/10/2024,12,14,2,$95.00 ,$190.00 ,0
7/8/2023,7,6,8,$15.00 ,$120.00 ,0
4/2/2023,10,1,2,$25.00 ,$50.00 ,0
10/9/2023,5,9,7,$110.00 ,$770.00 ,0
1/27/2023,5,4,1,$150.00 ,$150.00 ,0
10/26/2024,10,16,6,$50.00 ,$300.00 ,1
4/28/2023,2,2,3,$120.00 ,$360.00 ,1
3/30/2023,8,15,8,$20.00 ,$160.00 ,0
6/17/2023,9,13,8,$30.00 ,$240.00 ,0
10/3/2023,16,11,10,$60.00 ,$600.00 ,0
10/6/2023,16,14,4,$95.00 ,$380.00 ,0
9/7/2024,3,3,10,$20.00 ,$200.00 ,3
6/8/2024,7,9,6,$110.00 ,$660.00 ,0
3/25/2023,9,7,3,$100.00 ,$300.00 ,1
7/25/2023,1,16,9,$50.00 ,$450.00 ,0
1/7/2023,13,8,4,$25.00 ,$100.00 ,0
8/17/2024,14,14,3,$95.00 ,$285.00 ,0
1/16/2023,2,9,7,$110.00 ,$770.00 ,0
4/27/2023,2,13,2,$30.00 ,$60.00 ,0
4/20/2024,4,3,7,$20.00 ,$140.00 ,0
7/18/2023,10,1,6,$25.00 ,$150.00 ,0
11/8/2024,9,6,2,$15.00 ,$30.00 ,0
2/7/2024,1,13,3,$30.00 ,$90.00 ,0
8/30/2024,15,3,4,$20.00 ,$80.00 ,0
9/23/2024,7,4,3,$150.00 ,$450.00 ,0
4/22/2024,1,7,8,$100.00 ,$800.00 ,0
3/12/2023,15,6,6,$15.00 ,$90.00 ,0
5/19/2023,11,11,5,$60.00 ,$300.00 ,0
11/25/2023,3,12,9,$50.00 ,$450.00 ,0
10/17/2024,8,13,4,$30.00 ,$120.00 ,0
3/11/2024,3,12,3,$50.00 ,$150.00 ,0
10/27/2023,8,4,4,$150.00 ,$600.00 ,0
11/30/2023,7,5,7,$80.00 ,$560.00 ,0
3/28/2024,8,3,4,$20.00 ,$80.00 ,0
3/8/2024,9,5,8,$80.00 ,$640.00 ,0
8/11/2023,2,13,8,$30.00 ,$240.00 ,0
2/6/2024,7,15,8,$20.00 ,$160.00 ,0
8/2/2023,1,11,2,$60.00 ,$120.00 ,0
11/28/2024,8,7,9,$100.00 ,$900.00 ,0
11/6/2024,5,10,4,$100.00 ,$400.00 ,0
6/13/2023,13,4,6,$150.00 ,$900.00 ,0
1/3/2024,10,13,6,$30.00 ,$180.00 ,0
7/31/2024,16,5,3,$80.00 ,$240.00 ,0
11/13/2024,3,14,4,$95.00 ,$380.00 ,0
9/13/2024,12,16,1,$50.00 ,$50.00 ,0
11/29/2024,13,1,5,$25.00 ,$125.00 ,0
7/15/2024,16,6,7,$15.00 ,$105.00 ,0
7/3/2023,12,9,5,$110.00 ,$550.00 ,0
6/6/2024,18,9,4,$110.00 ,$440.00 ,1
9/24/2024,14,8,2,$25.00 ,$50.00 ,0
10/21/2023,13,11,3,$60.00 ,$180.00 ,0
2/4/2023,12,12,7,$50.00 ,$350.00 ,0
4/29/2024,13,10,7,$100.00 ,$700.00 ,0
11/26/2023,16,5,6,$80.00 ,$480.00 ,0
3/22/2023,9,5,8,$80.00 ,$640.00 ,0
12/3/2023,8,12,10,$50.00 ,$500.00 ,0
4/11/2023,7,3,10,$20.00 ,$200.00 ,0
6/17/2024,3,16,4,$50.00 ,$200.00 ,0
10/26/2023,15,16,4,$50.00 ,$200.00 ,0
12/2/2024,10,15,6,$20.00 ,$120.00 ,0
5/1/2024,14,6,1,$15.00 ,$15.00 ,0
2/26/2023,6,12,6,$50.00 ,$300.00 ,0
4/15/2024,15,14,2,$95.00 ,$190.00 ,0
1/3/2024,7,15,8,$20.00 ,$160.00 ,0
5/27/2023,8,16,3,$50.00 ,$150.00 ,1
9/15/2024,3,2,8,$120.00 ,$960.00 ,0
9/8/2023,4,2,5,$120.00 ,$600.00 ,0
7/12/2024,5,8,8,$25.00 ,$200.00 ,0
7/15/2023,18,4,2,$150.00 ,$300.00 ,0
7/7/2023,17,15,10,$20.00 ,$200.00 ,0
1/12/2024,10,12,4,$50.00 ,$200.00 ,0
3/7/2024,6,5,3,$80.00 ,$240.00 ,0
3/28/2023,1,9,3,$110.00 ,$330.00 ,0
4/8/2024,3,13,3,$30.00 ,$90.00 ,0
6/23/2023,13,11,10,$60.00 ,$600.00 ,1
7/1/2023,12,1,1,$25.00 ,$25.00 ,0
2/6/2023,4,11,2,$60.00 ,$120.00 ,0
2/3/2024,14,8,5,$25.00 ,$125.00 ,0
4/28/2023,13,12,8,$50.00 ,$400.00 ,0
11/17/2023,11,5,9,$80.00 ,$720.00 ,0
6/26/2023,9,1,3,$25.00 ,$75.00 ,0
6/16/2024,15,14,7,$95.00 ,$665.00 ,1
2/12/2023,14,16,1,$50.00 ,$50.00 ,0
5/3/2024,7,12,3,$50.00 ,$150.00 ,0
11/14/2024,4,3,2,$20.00 ,$40.00 ,0
5/14/2024,14,11,3,$60.00 ,$180.00 ,0
4/29/2023,2,3,3,$20.00 ,$60.00 ,1
7/4/2024,5,4,8,$150.00 ,"$1,200.00 ",0
4/24/2024,9,13,8,$30.00 ,$240.00 ,0
4/21/2023,16,2,4,$120.00 ,$480.00 ,1
10/20/2023,18,10,6,$100.00 ,$600.00 ,0
4/7/2024,15,10,7,$100.00 ,$700.00 ,1
9/15/2024,3,12,9,$50.00 ,$450.00 ,0
12/6/2024,11,14,1,$95.00 ,$95.00 ,0
7/28/2024,5,7,9,$100.00 ,$900.00 ,0
3/14/2023,1,7,3,$100.00 ,$300.00 ,0
11/18/2024,14,4,4,$150.00 ,$600.00 ,0
12/24/2024,13,7,2,$100.00 ,$200.00 ,0
6/22/2024,13,12,8,$50.00 ,$400.00 ,1
8/17/2023,12,3,4,$20.00 ,$80.00 ,0
1/7/2023,14,2,7,$120.00 ,$840.00 ,0
10/1/2023,15,16,9,$50.00 ,$450.00 ,1
7/10/2023,10,7,1,$100.00 ,$100.00 ,0
9/4/2024,18,13,1,$30.00 ,$30.00 ,0
9/29/2024,10,15,9,$20.00 ,$180.00 ,0
6/5/2024,8,4,4,$150.00 ,$600.00 ,0
12/9/2023,2,5,4,$80.00 ,$320.00 ,0
8/5/2024,3,8,5,$25.00 ,$125.00 ,0
10/11/2024,3,13,7,$30.00 ,$210.00 ,0
12/6/2023,8,8,8,$25.00 ,$200.00 ,0
4/18/2024,18,8,8,$25.00 ,$200.00 ,1
11/23/2023,6,5,3,$80.00 ,$240.00 ,0
12/28/2023,7,13,7,$30.00 ,$210.00 ,0
9/17/2024,5,13,8,$30.00 ,$240.00 ,2
4/12/2023,11,12,7,$50.00 ,$350.00 ,0
7/21/2024,2,2,2,$120.00 ,$240.00 ,0
4/16/2024,14,11,4,$60.00 ,$240.00 ,0
7/12/2024,9,16,2,$50.00 ,$100.00 ,0
6/27/2024,1,2,1,$120.00 ,$120.00 ,0
3/20/2023,2,3,1,$20.00 ,$20.00 ,0
1/23/2024,13,1,3,$25.00 ,$75.00 ,0
12/20/2024,8,7,4,$100.00 ,$400.00 ,1
12/17/2023,3,7,2,$100.00 ,$200.00 ,0
6/13/2023,11,6,2,$15.00 ,$30.00 ,0
11/5/2023,18,13,2,$30.00 ,$60.00 ,0
2/18/2024,3,9,3,$110.00 ,$330.00 ,1
6/6/2024,1,9,1,$110.00 ,$110.00 ,0
11/21/2024,18,7,4,$100.00 ,$400.00 ,0
9/25/2024,10,5,1,$80.00 ,$80.00 ,0
9/21/2023,7,13,2,$30.00 ,$60.00 ,0
1/4/2023,18,5,8,$80.00 ,$640.00 ,0
6/6/2024,13,1,7,$25.00 ,$175.00 ,0
11/25/2023,16,5,1,$80.00 ,$80.00 ,0
6/20/2023,15,13,10,$30.00 ,$300.00 ,3
8/24/2023,3,10,6,$100.00 ,$600.00 ,1
2/17/2024,1,1,7,$25.00 ,$175.00 ,2
9/27/2023,8,8,8,$25.00 ,$200.00 ,0
6/9/2023,10,2,10,$120.00 ,"$1,200.00 ",0
5/7/2024,2,5,8,$80.00 ,$640.00 ,0
6/12/2023,15,14,6,$95.00 ,$570.00 ,0
12/17/2023,7,15,2,$20.00 ,$40.00 ,0
2/20/2024,5,13,2,$30.00 ,$60.00 ,0
5/30/2023,12,9,10,$110.00 ,"$1,100.00 ",0
3/14/2024,14,16,5,$50.00 ,$250.00 ,0
7/7/2024,12,11,6,$60.00 ,$360.00 ,0
11/29/2024,8,9,9,$110.00 ,$990.00 ,0
3/2/2024,16,14,7,$95.00 ,$665.00 ,0
7/21/2023,6,16,10,$50.00 ,$500.00 ,0
1/26/2023,14,13,3,$30.00 ,$90.00 ,0
5/25/2023,12,13,8,$30.00 ,$240.00 ,0
11/14/2024,16,4,5,$150.00 ,$750.00 ,0
11/13/2024,4,13,3,$30.00 ,$90.00 ,0
4/2/2023,5,12,5,$50.00 ,$250.00 ,0
9/18/2023,13,16,1,$50.00 ,$50.00 ,0
11/21/2023,15,16,6,$50.00 ,$300.00 ,0
9/7/2023,17,5,5,$80.00 ,$400.00 ,0
3/3/2024,14,16,3,$50.00 ,$150.00 ,1
12/24/2024,15,8,1,$25.00 ,$25.00 ,0
3/5/2023,17,5,7,$80.00 ,$560.00 ,0
4/3/2023,12,10,7,$100.00 ,$700.00 ,0
12/15/2024,15,14,3,$95.00 ,$285.00 ,0
4/3/2024,16,9,3,$110.00 ,$330.00 ,0
11/4/2023,18,13,1,$30.00 ,$30.00 ,0
2/16/2024,11,9,5,$110.00 ,$550.00 ,0
4/11/2024,15,4,4,$150.00 ,$600.00 ,0
12/15/2024,3,10,9,$100.00 ,$900.00 ,0
6/3/2024,5,9,5,$110.00 ,$550.00 ,0
4/19/2024,7,15,4,$20.00 ,$80.00 ,0
9/1/2023,9,11,5,$60.00 ,$300.00 ,1
5/22/2023,3,16,2,$50.00 ,$100.00 ,0
5/5/2023,4,15,6,$20.00 ,$120.00 ,0
4/6/2023,8,10,2,$100.00 ,$200.00 ,0
3/17/2024,13,6,6,$15.00 ,$90.00 ,0
11/5/2024,1,1,9,$25.00 ,$225.00 ,0
5/11/2024,18,2,8,$120.00 ,$960.00 ,0
9/12/2023,7,5,4,$80.00 ,$320.00 ,0
12/10/2024,6,12,8,$50.00 ,$400.00 ,0
11/3/2023,4,5,4,$80.00 ,$320.00 ,0
7/30/2023,18,12,8,$50.00 ,$400.00 ,2
6/1/2024,5,8,1,$25.00 ,$25.00 ,0
2/2/2024,18,4,7,$150.00 ,"$1,050.00 ",0
9/19/2023,10,5,8,$80.00 ,$640.00 ,0
10/6/2023,12,4,6,$150.00 ,$900.00 ,0
9/18/2023,11,1,10,$25.00 ,$250.00 ,0
10/29/2023,17,1,4,$25.00 ,$100.00 ,0
3/12/2023,13,10,4,$100.00 ,$400.00 ,0
4/23/2024,1,4,2,$150.00 ,$300.00 ,0
9/21/2024,7,7,9,$100.00 ,$900.00 ,0
7/23/2023,4,5,3,$80.00 ,$240.00 ,0
7/6/2024,2,3,3,$20.00 ,$60.00 ,0
9/24/2024,6,1,8,$25.00 ,$200.00 ,0
8/18/2023,17,15,3,$20.00 ,$60.00 ,0
6/17/2024,2,7,6,$100.00 ,$600.00 ,0
12/14/2023,11,1,5,$25.00 ,$125.00 ,0
12/31/2024,8,3,8,$20.00 ,$160.00 ,0
5/20/2023,13,13,9,$30.00 ,$270.00 ,0
2/1/2023,13,6,2,$15.00 ,$30.00 ,0
8/11/2023,13,12,3,$50.00 ,$150.00 ,0
12/25/2023,13,5,9,$80.00 ,$720.00 ,0
12/1/2023,17,9,9,$110.00 ,$990.00 ,0
6/30/2023,4,11,9,$60.00 ,$540.00 ,0
5/19/2024,1,8,6,$25.00 ,$150.00 ,0
2/25/2023,1,13,7,$30.00 ,$210.00 ,0
11/22/2024,8,12,2,$50.00 ,$100.00 ,0
12/10/2023,5,5,8,$80.00 ,$640.00 ,0
7/7/2023,2,14,1,$95.00 ,$95.00 ,0
2/29/2024,1,8,8,$25.00 ,$200.00 ,0
2/15/2023,2,9,1,$110.00 ,$110.00 ,0
2/13/2023,18,4,3,$150.00 ,$450.00 ,0
6/16/2023,6,6,6,$15.00 ,$90.00 ,0
12/22/2024,5,3,1,$20.00 ,$20.00 ,0
11/9/2024,12,10,6,$100.00 ,$600.00 ,0
10/21/2024,13,7,3,$100.00 ,$300.00 ,0
3/26/2023,11,6,3,$15.00 ,$45.00 ,1
3/12/2023,17,9,7,$110.00 ,$770.00 ,0
3/7/2024,14,10,6,$100.00 ,$600.00 ,0
11/1/2024,13,2,2,$120.00 ,$240.00 ,0
10/8/2023,14,4,1,$150.00 ,$150.00 ,0
4/6/2024,4,13,9,$30.00 ,$270.00 ,0
12/13/2023,9,16,5,$50.00 ,$250.00 ,0
8/4/2024,10,3,5,$20.00 ,$100.00 ,0
4/14/2024,7,11,5,$60.00 ,$300.00 ,0
10/27/2024,17,4,4,$150.00 ,$600.00 ,0
6/8/2023,11,3,6,$20.00 ,$120.00 ,0
1/13/2023,2,1,6,$25.00 ,$150.00 ,0
3/11/2024,3,16,2,$50.00 ,$100.00 ,0
11/24/2024,7,4,7,$150.00 ,"$1,050.00 ",0
2/26/2024,11,2,3,$120.00 ,$360.00 ,0
2/16/2023,17,10,8,$100.00 ,$800.00 ,0
5/29/2023,18,10,9,$100.00 ,$900.00 ,0
1/1/2024,8,5,7,$80.00 ,$560.00 ,0
7/30/2023,12,14,5,$95.00 ,$475.00 ,0
7/13/2023,15,3,4,$20.00 ,$80.00 ,0
9/19/2024,12,3,6,$20.00 ,$120.00 ,0
10/6/2024,17,13,3,$30.00 ,$90.00 ,0
8/29/2023,12,5,8,$80.00 ,$640.00 ,0
4/30/2024,5,14,10,$95.00 ,$950.00 ,0
4/6/2024,13,10,9,$100.00 ,$900.00 ,0
9/2/2023,6,7,4,$100.00 ,$400.00 ,0
8/16/2023,5,10,2,$100.00 ,$200.00 ,0
4/5/2023,9,1,7,$25.00 ,$175.00 ,0
12/16/2023,18,13,4,$30.00 ,$120.00 ,0
11/19/2024,18,6,10,$15.00 ,$150.00 ,1
2/6/2023,7,2,5,$120.00 ,$600.00 ,0
5/16/2023,6,8,2,$25.00 ,$50.00 ,0
10/3/2024,6,9,4,$110.00 ,$440.00 ,1
5/27/2023,8,16,6,$50.00 ,$300.00 ,0
8/23/2023,14,11,7,$60.00 ,$420.00 ,0
5/26/2024,5,14,3,$95.00 ,$285.00 ,0
10/20/2023,4,2,10,$120.00 ,"$1,200.00 ",0
8/18/2024,17,13,9,$30.00 ,$270.00 ,0
12/27/2024,7,11,7,$60.00 ,$420.00 ,0
2/23/2023,6,15,6,$20.00 ,$120.00 ,0
10/25/2024,6,4,3,$150.00 ,$450.00 ,0
6/2/2024,7,13,6,$30.00 ,$180.00 ,0
5/14/2024,10,7,3,$100.00 ,$300.00 ,0
12/16/2023,16,3,7,$20.00 ,$140.00 ,0
3/3/2024,16,16,3,$50.00 ,$150.00 ,0
12/8/2024,5,5,6,$80.00 ,$480.00 ,0
2/21/2024,6,8,5,$25.00 ,$125.00 ,0
4/1/2024,17,2,10,$120.00 ,"$1,200.00 ",0
5/16/2024,7,14,5,$95.00 ,$475.00 ,0
7/9/2024,15,3,10,$20.00 ,$200.00 ,0
7/10/2023,13,16,9,$50.00 ,$450.00 ,0
12/23/2024,5,14,6,$95.00 ,$570.00 ,0
11/6/2023,5,5,9,$80.00 ,$720.00 ,0
7/30/2024,1,1,7,$25.00 ,$175.00 ,0
7/13/2023,4,6,8,$15.00 ,$120.00 ,0
8/6/2024,17,6,3,$15.00 ,$45.00 ,0
11/29/2024,15,4,6,$150.00 ,$900.00 ,0
7/25/2023,6,11,7,$60.00 ,$420.00 ,0
2/11/2023,14,5,1,$80.00 ,$80.00 ,0
4/27/2023,17,11,8,$60.00 ,$480.00 ,0
7/13/2024,11,6,4,$15.00 ,$60.00 ,0
3/13/2023,10,15,3,$20.00 ,$60.00 ,0
7/19/2023,17,16,5,$50.00 ,$250.00 ,0
8/21/2024,12,16,1,$50.00 ,$50.00 ,0
9/26/2024,16,4,4,$150.00 ,$600.00 ,0
6/12/2023,4,5,5,$80.00 ,$400.00 ,0
8/9/2024,1,7,4,$100.00 ,$400.00 ,0
10/2/2024,11,12,5,$50.00 ,$250.00 ,0
4/10/2023,9,15,3,$20.00 ,$60.00 ,1
5/28/2023,3,2,8,$120.00 ,$960.00 ,0
6/11/2023,9,16,3,$50.00 ,$150.00 ,0
2/19/2023,14,16,3,$50.00 ,$150.00 ,1
10/11/2024,7,2,5,$120.00 ,$600.00 ,0
1/20/2023,4,9,4,$110.00 ,$440.00 ,0
10/12/2023,10,9,7,$110.00 ,$770.00 ,0
9/9/2024,5,11,10,$60.00 ,$600.00 ,0
11/14/2023,5,12,2,$50.00 ,$100.00 ,0
12/30/2024,2,11,1,$60.00 ,$60.00 ,0
11/5/2023,8,16,3,$50.00 ,$150.00 ,0
7/24/2023,1,16,6,$50.00 ,$300.00 ,2
5/5/2023,3,12,8,$50.00 ,$400.00 ,2
4/23/2023,12,12,6,$50.00 ,$300.00 ,0
12/9/2024,11,5,4,$80.00 ,$320.00 ,0
6/10/2023,18,10,3,$100.00 ,$300.00 ,0
3/13/2023,12,16,3,$50.00 ,$150.00 ,1
5/22/2023,8,2,5,$120.00 ,$600.00 ,0
10/14/2023,6,7,7,$100.00 ,$700.00 ,0
12/17/2024,6,8,2,$25.00 ,$50.00 ,0
7/5/2024,9,6,5,$15.00 ,$75.00 ,0
10/5/2024,5,8,5,$25.00 ,$125.00 ,0
10/11/2024,15,13,3,$30.00 ,$90.00 ,0
10/13/2024,1,2,9,$120.00 ,"$1,080.00 ",0
1/11/2024,4,1,8,$25.00 ,$200.00 ,3
8/28/2024,8,14,2,$95.00 ,$190.00 ,0
1/25/2024,5,11,8,$60.00 ,$480.00 ,0
9/4/2023,11,1,7,$25.00 ,$175.00 ,0
10/18/2023,17,1,3,$25.00 ,$75.00 ,0
12/6/2024,17,3,1,$20.00 ,$20.00 ,0
5/16/2023,8,12,1,$50.00 ,$50.00 ,0
4/27/2023,10,2,6,$120.00 ,$720.00 ,0
7/24/2023,6,2,7,$120.00 ,$840.00 ,0
12/18/2023,17,15,9,$20.00 ,$180.00 ,0
6/12/2024,3,9,10,$110.00 ,"$1,100.00 ",0
12/29/2023,10,11,2,$60.00 ,$120.00 ,0
5/27/2023,16,12,7,$50.00 ,$350.00 ,0
7/17/2023,15,15,9,$20.00 ,$180.00 ,0
7/8/2024,12,15,10,$20.00 ,$200.00 ,0
10/30/2024,2,13,10,$30.00 ,$300.00 ,0
9/14/2023,4,11,6,$60.00 ,$360.00 ,0
4/21/2024,9,10,3,$100.00 ,$300.00 ,0
12/27/2024,11,15,3,$20.00 ,$60.00 ,0
2/13/2024,8,13,4,$30.00 ,$120.00 ,0
3/30/2023,16,15,8,$20.00 ,$160.00 ,1
5/8/2024,3,15,6,$20.00 ,$120.00 ,0
9/12/2023,15,12,10,$50.00 ,$500.00 ,0
3/14/2023,14,8,8,$25.00 ,$200.00 ,0
2/24/2024,9,10,6,$100.00 ,$600.00 ,0
12/17/2024,3,14,3,$95.00 ,$285.00 ,0
12/2/2023,10,12,6,$50.00 ,$300.00 ,0
3/7/2024,18,3,1,$20.00 ,$20.00 ,0
2/7/2023,17,8,7,$25.00 ,$175.00 ,0
3/19/2023,4,8,1,$25.00 ,$25.00 ,0
6/2/2023,18,8,7,$25.00 ,$175.00 ,0
11/13/2023,15,1,4,$25.00 ,$100.00 ,0
10/24/2023,13,5,6,$80.00 ,$480.00 ,0
4/10/2024,7,3,9,$20.00 ,$180.00 ,0
6/23/2024,3,16,7,$50.00 ,$350.00 ,0
9/15/2024,10,9,9,$110.00 ,$990.00 ,0
4/5/2024,1,11,2,$60.00 ,$120.00 ,0
10/20/2024,17,7,5,$100.00 ,$500.00 ,0
6/8/2024,14,10,5,$100.00 ,$500.00 ,0
10/24/2024,17,14,9,$95.00 ,$855.00 ,0
1/12/2024,3,11,8,$60.00 ,$480.00 ,0
11/27/2024,7,3,10,$20.00 ,$200.00 ,0
5/24/2023,2,16,10,$50.00 ,$500.00 ,0
4/8/2024,5,8,6,$25.00 ,$150.00 ,0
8/6/2024,7,7,8,$100.00 ,$800.00 ,0
12/6/2024,1,1,8,$25.00 ,$200.00 ,0
9/8/2024,16,6,4,$15.00 ,$60.00 ,0
10/2/2024,13,2,10,$120.00 ,"$1,200.00 ",0
6/30/2024,14,16,10,$50.00 ,$500.00 ,0
11/28/2023,12,3,8,$20.00 ,$160.00 ,0
6/27/2023,13,5,8,$80.00 ,$640.00 ,0
10/25/2024,12,9,9,$110.00 ,$990.00 ,0
11/21/2023,16,1,1,$25.00 ,$25.00 ,0
1/22/2023,10,7,6,$100.00 ,$600.00 ,0
11/27/2024,1,2,1,$120.00 ,$120.00 ,0
12/21/2024,16,16,3,$50.00 ,$150.00 ,0
11/20/2024,14,7,4,$100.00 ,$400.00 ,0
5/5/2024,2,9,3,$110.00 ,$330.00 ,0
6/4/2023,4,3,2,$20.00 ,$40.00 ,0
3/14/2023,13,5,3,$80.00 ,$240.00 ,1
8/12/2024,14,8,9,$25.00 ,$225.00 ,0
10/3/2024,16,12,7,$50.00 ,$350.00 ,0
1/13/2024,2,15,4,$20.00 ,$80.00 ,0
1/19/2023,16,7,8,$100.00 ,$800.00 ,0
2/7/2024,14,11,2,$60.00 ,$120.00 ,0
9/23/2023,8,2,10,$120.00 ,"$1,200.00 ",0
1/22/2023,5,11,2,$60.00 ,$120.00 ,0
9/13/2024,14,9,3,$110.00 ,$330.00 ,0
1/8/2023,15,15,8,$20.00 ,$160.00 ,0
2/4/2024,1,13,8,$30.00 ,$240.00 ,0
4/5/2023,12,12,4,$50.00 ,$200.00 ,0
2/27/2024,15,7,6,$100.00 ,$600.00 ,0
4/30/2023,9,3,1,$20.00 ,$20.00 ,0
2/1/2024,8,1,1,$25.00 ,$25.00 ,0
1/31/2024,2,10,8,$100.00 ,$800.00 ,0
8/30/2023,15,9,10,$110.00 ,"$1,100.00 ",0
8/18/2024,16,4,1,$150.00 ,$150.00 ,0
5/11/2024,14,12,3,$50.00 ,$150.00 ,0
12/17/2023,7,2,4,$120.00 ,$480.00 ,0
4/9/2023,18,6,2,$15.00 ,$30.00 ,0
8/5/2024,17,2,10,$120.00 ,"$1,200.00 ",0
8/3/2023,10,11,5,$60.00 ,$300.00 ,0
3/3/2024,13,16,7,$50.00 ,$350.00 ,0
10/3/2024,2,7,1,$100.00 ,$100.00 ,0
9/24/2023,2,2,10,$120.00 ,"$1,200.00 ",0
6/18/2024,17,7,9,$100.00 ,$900.00 ,0
10/26/2024,14,13,10,$30.00 ,$300.00 ,0
9/23/2023,5,12,8,$50.00 ,$400.00 ,0
3/28/2024,6,11,2,$60.00 ,$120.00 ,0
11/15/2023,7,13,7,$30.00 ,$210.00 ,0
5/2/2023,7,15,1,$20.00 ,$20.00 ,0
10/18/2023,14,12,10,$50.00 ,$500.00 ,0
10/25/2024,9,13,3,$30.00 ,$90.00 ,0
7/24/2023,7,8,4,$25.00 ,$100.00 ,1
4/19/2024,4,3,6,$20.00 ,$120.00 ,0
2/9/2024,7,7,8,$100.00 ,$800.00 ,0
5/13/2023,4,11,7,$60.00 ,$420.00 ,0
2/22/2024,17,16,3,$50.00 ,$150.00 ,0
3/30/2024,17,10,6,$100.00 ,$600.00 ,0
8/10/2023,10,2,6,$120.00 ,$720.00 ,0
2/10/2024,17,4,8,$150.00 ,"$1,200.00 ",0
9/10/2024,13,9,5,$110.00 ,$550.00 ,0
5/23/2023,18,15,2,$20.00 ,$40.00 ,0
7/10/2024,5,15,2,$20.00 ,$40.00 ,0
9/29/2023,3,5,5,$80.00 ,$400.00 ,0
1/18/2024,2,1,3,$25.00 ,$75.00 ,0
7/16/2024,18,4,7,$150.00 ,"$1,050.00 ",2
9/9/2024,2,12,1,$50.00 ,$50.00 ,0
5/13/2024,11,4,6,$150.00 ,$900.00 ,0
11/4/2023,5,11,7,$60.00 ,$420.00 ,1
4/27/2023,3,9,6,$110.00 ,$660.00 ,0
5/6/2024,4,5,3,$80.00 ,$240.00 ,0
8/28/2023,10,12,5,$50.00 ,$250.00 ,1
12/24/2023,14,12,3,$50.00 ,$150.00 ,0
2/9/2024,14,14,7,$95.00 ,$665.00 ,0
12/6/2023,12,14,10,$95.00 ,$950.00 ,0
7/25/2024,15,16,2,$50.00 ,$100.00 ,0
9/24/2024,8,11,8,$60.00 ,$480.00 ,0
7/6/2023,1,13,8,$30.00 ,$240.00 ,0
5/18/2023,17,1,9,$25.00 ,$225.00 ,0
1/26/2023,7,1,3,$25.00 ,$75.00 ,0
6/2/2024,5,2,1,$120.00 ,$120.00 ,0
2/22/2024,8,4,4,$150.00 ,$600.00 ,0
8/13/2023,15,3,7,$20.00 ,$140.00 ,0
3/19/2023,13,2,7,$120.00 ,$840.00 ,0
10/30/2024,5,1,5,$25.00 ,$125.00 ,0
1/2/2023,9,2,3,$120.00 ,$360.00 ,0
9/20/2024,2,15,1,$20.00 ,$20.00 ,0
8/1/2024,12,1,2,$25.00 ,$50.00 ,0
6/14/2023,8,5,1,$80.00 ,$80.00 ,0
6/7/2024,4,2,3,$120.00 ,$360.00 ,1
12/11/2024,2,6,3,$15.00 ,$45.00 ,0
12/7/2024,8,3,2,$20.00 ,$40.00 ,0
9/30/2023,11,4,5,$150.00 ,$750.00 ,0
8/7/2023,15,8,1,$25.00 ,$25.00 ,0
3/15/2023,7,8,1,$25.00 ,$25.00 ,0
9/16/2024,4,12,8,$50.00 ,$400.00 ,0
12/4/2024,5,9,7,$110.00 ,$770.00 ,0
3/20/2023,7,6,6,$15.00 ,$90.00 ,2
8/9/2023,15,6,3,$15.00 ,$45.00 ,0
12/20/2024,1,12,1,$50.00 ,$50.00 ,0
5/16/2023,1,10,2,$100.00 ,$200.00 ,0
9/19/2023,10,9,4,$110.00 ,$440.00 ,0
8/9/2023,1,7,10,$100.00 ,"$1,000.00 ",0
5/24/2023,5,8,8,$25.00 ,$200.00 ,0
9/16/2023,8,2,9,$120.00 ,"$1,080.00 ",0
5/21/2024,18,3,9,$20.00 ,$180.00 ,0
12/6/2023,3,11,2,$60.00 ,$120.00 ,0
12/28/2023,4,7,8,$100.00 ,$800.00 ,0
6/30/2023,15,15,1,$20.00 ,$20.00 ,0
12/28/2024,3,11,10,$60.00 ,$600.00 ,0
4/28/2024,6,12,3,$50.00 ,$150.00 ,0
10/28/2024,9,10,2,$100.00 ,$200.00 ,0
7/1/2023,16,14,4,$95.00 ,$380.00 ,0
12/23/2023,3,12,7,$50.00 ,$350.00 ,2
7/5/2024,16,2,4,$120.00 ,$480.00 ,0
3/14/2024,6,13,3,$30.00 ,$90.00 ,0
4/2/2024,2,8,3,$25.00 ,$75.00 ,0
6/21/2023,9,4,7,$150.00 ,"$1,050.00 ",0
9/17/2023,13,14,5,$95.00 ,$475.00 ,0
4/17/2024,3,16,2,$50.00 ,$100.00 ,0
5/6/2023,11,2,8,$120.00 ,$960.00 ,0
8/20/2023,4,7,8,$100.00 ,$800.00 ,0
4/4/2023,16,6,2,$15.00 ,$30.00 ,0
1/10/2023,11,16,7,$50.00 ,$350.00 ,1
4/19/2023,13,9,4,$110.00 ,$440.00 ,0
11/26/2024,2,15,3,$20.00 ,$60.00 ,1
8/6/2023,5,8,10,$25.00 ,$250.00 ,0
12/20/2024,11,8,2,$25.00 ,$50.00 ,0
10/19/2023,10,16,4,$50.00 ,$200.00 ,0
2/12/2024,18,9,1,$110.00 ,$110.00 ,0
1/1/2023,5,12,5,$50.00 ,$250.00 ,0
4/4/2023,3,15,9,$20.00 ,$180.00 ,0
8/10/2024,7,2,5,$120.00 ,$600.00 ,0
1/14/2024,14,2,6,$120.00 ,$720.00 ,0
3/16/2023,8,3,7,$20.00 ,$140.00 ,2
5/21/2023,5,14,2,$95.00 ,$190.00 ,0
12/29/2024,2,11,9,$60.00 ,$540.00 ,0
3/6/2023,14,3,2,$20.00 ,$40.00 ,0
7/27/2023,13,16,10,$50.00 ,$500.00 ,0
7/31/2024,1,1,8,$25.00 ,$200.00 ,0
3/15/2024,16,1,3,$25.00 ,$75.00 ,0
3/1/2023,5,1,5,$25.00 ,$125.00 ,0
5/8/2023,8,5,9,$80.00 ,$720.00 ,0
2/9/2024,7,14,8,$95.00 ,$760.00 ,0
4/4/2024,11,6,6,$15.00 ,$90.00 ,0
1/13/2024,5,4,1,$150.00 ,$150.00 ,0
9/19/2024,9,4,10,$150.00 ,"$1,500.00 ",0
8/30/2024,13,11,8,$60.00 ,$480.00 ,0
3/6/2024,11,10,7,$100.00 ,$700.00 ,0
7/2/2023,7,3,9,$20.00 ,$180.00 ,0
1/10/2023,17,8,8,$25.00 ,$200.00 ,0
2/18/2023,14,14,6,$95.00 ,$570.00 ,0
5/7/2024,14,15,7,$20.00 ,$140.00 ,0
9/23/2024,9,11,3,$60.00 ,$180.00 ,1
11/26/2023,7,5,3,$80.00 ,$240.00 ,0
9/21/2023,1,16,9,$50.00 ,$450.00 ,0
12/9/2023,17,13,3,$30.00 ,$90.00 ,0
8/5/2023,4,11,8,$60.00 ,$480.00 ,0
11/24/2023,16,10,10,$100.00 ,"$1,000.00 ",0
6/21/2023,16,4,5,$150.00 ,$750.00 ,0
4/26/2024,3,12,10,$50.00 ,$500.00 ,0
11/27/2023,7,10,7,$100.00 ,$700.00 ,0
11/3/2023,10,6,1,$15.00 ,$15.00 ,0
2/5/2024,1,7,2,$100.00 ,$200.00 ,0
7/2/2023,15,12,8,$50.00 ,$400.00 ,0
1/21/2023,18,3,3,$20.00 ,$60.00 ,0
11/30/2024,6,12,6,$50.00 ,$300.00 ,0
3/10/2024,6,7,3,$100.00 ,$300.00 ,0
10/8/2024,16,13,3,$30.00 ,$90.00 ,0
3/12/2024,11,7,2,$100.00 ,$200.00 ,0
1/16/2024,7,10,6,$100.00 ,$600.00 ,0
2/18/2024,3,7,7,$100.00 ,$700.00 ,0
6/14/2023,16,9,8,$110.00 ,$880.00 ,0
3/26/2023,17,10,7,$100.00 ,$700.00 ,0
11/14/2024,4,2,1,$120.00 ,$120.00 ,0
11/6/2023,1,12,10,$50.00 ,$500.00 ,0
4/4/2024,15,16,6,$50.00 ,$300.00 ,0
9/26/2023,7,9,8,$110.00 ,$880.00 ,0
1/12/2024,6,7,5,$100.00 ,$500.00 ,0
1/22/2023,3,16,8,$50.00 ,$400.00 ,0
6/19/2023,6,10,4,$100.00 ,$400.00 ,0
3/6/2024,7,13,3,$30.00 ,$90.00 ,0
10/28/2023,18,9,2,$110.00 ,$220.00 ,0
12/4/2023,12,11,5,$60.00 ,$300.00 ,0
10/13/2023,15,12,3,$50.00 ,$150.00 ,0
3/17/2024,15,14,6,$95.00 ,$570.00 ,2
8/11/2023,1,15,9,$20.00 ,$180.00 ,0
3/30/2023,3,7,8,$100.00 ,$800.00 ,0
11/4/2023,8,8,6,$25.00 ,$150.00 ,0
6/4/2024,12,15,6,$20.00 ,$120.00 ,1
12/6/2023,15,10,5,$100.00 ,$500.00 ,0
8/5/2023,14,3,7,$20.00 ,$140.00 ,0
2/4/2024,18,9,5,$110.00 ,$550.00 ,0
5/17/2023,7,1,3,$25.00 ,$75.00 ,1
3/15/2024,18,9,4,$110.00 ,$440.00 ,0
11/12/2023,9,16,1,$50.00 ,$50.00 ,0
8/18/2024,16,3,7,$20.00 ,$140.00 ,0
10/19/2024,15,14,7,$95.00 ,$665.00 ,0
5/24/2023,2,1,1,$25.00 ,$25.00 ,0
11/11/2023,11,13,4,$30.00 ,$120.00 ,0
8/17/2023,2,5,6,$80.00 ,$480.00 ,0
2/27/2024,15,12,4,$50.00 ,$200.00 ,0
3/31/2024,3,11,6,$60.00 ,$360.00 ,0
4/15/2023,5,11,6,$60.00 ,$360.00 ,0
6/20/2023,4,12,4,$50.00 ,$200.00 ,1
11/3/2024,5,6,5,$15.00 ,$75.00 ,1
2/16/2023,4,4,4,$150.00 ,$600.00 ,0
4/18/2024,3,1,3,$25.00 ,$75.00 ,0
11/26/2023,9,11,9,$60.00 ,$540.00 ,2
1/22/2023,5,14,2,$95.00 ,$190.00 ,0
9/2/2023,12,16,6,$50.00 ,$300.00 ,0
1/5/2023,6,10,4,$100.00 ,$400.00 ,0
12/15/2024,4,11,7,$60.00 ,$420.00 ,0
5/29/2024,9,16,5,$50.00 ,$250.00 ,0
1/15/2023,4,11,6,$60.00 ,$360.00 ,0
3/15/2023,1,13,4,$30.00 ,$120.00 ,0
3/18/2023,7,12,4,$50.00 ,$200.00 ,0
11/12/2023,2,7,8,$100.00 ,$800.00 ,0
1/23/2023,13,9,5,$110.00 ,$550.00 ,0
7/4/2023,10,14,4,$95.00 ,$380.00 ,0
12/21/2024,15,7,9,$100.00 ,$900.00 ,0
11/6/2023,1,2,7,$120.00 ,$840.00 ,1
5/8/2023,12,2,4,$120.00 ,$480.00 ,0
3/5/2024,8,5,3,$80.00 ,$240.00 ,0
11/21/2024,5,7,8,$100.00 ,$800.00 ,0
11/23/2023,4,3,6,$20.00 ,$120.00 ,0
7/12/2024,13,1,6,$25.00 ,$150.00 ,0
10/10/2024,4,2,7,$120.00 ,$840.00 ,0
5/25/2024,11,2,4,$120.00 ,$480.00 ,0
9/20/2024,3,13,7,$30.00 ,$210.00 ,0
3/29/2024,13,12,5,$50.00 ,$250.00 ,0
5/30/2023,5,7,7,$100.00 ,$700.00 ,0
5/11/2023,12,11,9,$60.00 ,$540.00 ,0
1/11/2023,11,7,7,$100.00 ,$700.00 ,0
9/30/2024,9,15,9,$20.00 ,$180.00 ,0
7/9/2023,4,11,4,$60.00 ,$240.00 ,0
2/27/2023,7,4,5,$150.00 ,$750.00 ,0
12/7/2023,1,2,10,$120.00 ,"$1,200.00 ",0
1/9/2024,11,16,1,$50.00 ,$50.00 ,0
3/13/2023,5,5,2,$80.00 ,$160.00 ,0
4/9/2023,7,4,4,$150.00 ,$600.00 ,0
10/6/2023,11,12,3,$50.00 ,$150.00 ,0
1/3/2023,2,10,8,$100.00 ,$800.00 ,0
12/18/2024,7,3,8,$20.00 ,$160.00 ,0
2/1/2023,12,2,5,$120.00 ,$600.00 ,0
3/23/2024,17,16,1,$50.00 ,$50.00 ,0
12/14/2023,11,4,2,$150.00 ,$300.00 ,0
1/16/2023,13,15,3,$20.00 ,$60.00 ,0
8/16/2024,8,5,5,$80.00 ,$400.00 ,0
4/23/2023,14,15,5,$20.00 ,$100.00 ,0
4/25/2023,17,5,5,$80.00 ,$400.00 ,0
12/7/2024,1,15,6,$20.00 ,$120.00 ,0
8/6/2024,12,11,6,$60.00 ,$360.00 ,0
11/14/2023,12,16,5,$50.00 ,$250.00 ,0
11/26/2023,7,6,3,$15.00 ,$45.00 ,0
8/21/2023,16,11,8,$60.00 ,$480.00 ,0
9/4/2023,14,3,2,$20.00 ,$40.00 ,0
10/18/2023,13,8,7,$25.00 ,$175.00 ,0
3/13/2023,5,3,8,$20.00 ,$160.00 ,0
8/26/2023,3,1,4,$25.00 ,$100.00 ,0
8/31/2024,18,3,7,$20.00 ,$140.00 ,0
4/19/2024,7,9,3,$110.00 ,$330.00 ,1
10/18/2024,4,8,7,$25.00 ,$175.00 ,0
7/5/2023,14,1,7,$25.00 ,$175.00 ,0
9/4/2024,1,12,9,$50.00 ,$450.00 ,0
11/19/2024,16,8,8,$25.00 ,$200.00 ,0
11/5/2024,3,9,5,$110.00 ,$550.00 ,0
3/18/2024,11,2,3,$120.00 ,$360.00 ,0
2/7/2024,17,2,2,$120.00 ,$240.00 ,0
5/23/2023,6,16,1,$50.00 ,$50.00 ,0
10/28/2024,3,1,5,$25.00 ,$125.00 ,0
3/2/2023,15,2,8,$120.00 ,$960.00 ,1
6/10/2023,6,13,6,$30.00 ,$180.00 ,0
2/21/2023,8,4,8,$150.00 ,"$1,200.00 ",0
8/2/2023,3,14,5,$95.00 ,$475.00 ,0
7/28/2024,2,14,4,$95.00 ,$380.00 ,0
1/7/2024,13,5,4,$80.00 ,$320.00 ,0
2/12/2023,13,9,7,$110.00 ,$770.00 ,0
10/11/2024,8,13,4,$30.00 ,$120.00 ,0
11/11/2023,15,4,6,$150.00 ,$900.00 ,0
4/4/2023,7,15,3,$20.00 ,$60.00 ,0
11/10/2023,1,6,4,$15.00 ,$60.00 ,0
8/14/2023,18,10,10,$100.00 ,"$1,000.00 ",0
3/2/2023,18,13,3,$30.00 ,$90.00 ,0
9/19/2023,18,8,10,$25.00 ,$250.00 ,0
2/26/2024,1,6,3,$15.00 ,$45.00 ,0
8/26/2023,1,5,2,$80.00 ,$160.00 ,0
3/28/2023,3,15,1,$20.00 ,$20.00 ,0
8/26/2024,5,4,10,$150.00 ,"$1,500.00 ",1
4/24/2024,11,16,3,$50.00 ,$150.00 ,0
5/21/2024,8,10,5,$100.00 ,$500.00 ,0
12/27/2024,16,9,5,$110.00 ,$550.00 ,0
8/28/2024,13,13,5,$30.00 ,$150.00 ,0
6/4/2023,12,6,5,$15.00 ,$75.00 ,0
11/24/2023,13,3,3,$20.00 ,$60.00 ,0
2/27/2024,5,11,7,$60.00 ,$420.00 ,0
2/10/2023,14,6,1,$15.00 ,$15.00 ,0
3/13/2024,9,14,7,$95.00 ,$665.00 ,0
8/21/2024,9,7,9,$100.00 ,$900.00 ,0
1/27/2024,2,13,6,$30.00 ,$180.00 ,2
4/19/2023,10,13,4,$30.00 ,$120.00 ,0
12/10/2024,9,12,3,$50.00 ,$150.00 ,0
3/12/2023,10,5,3,$80.00 ,$240.00 ,0
1/12/2023,7,10,4,$100.00 ,$400.00 ,0
3/24/2024,17,5,1,$80.00 ,$80.00 ,0
4/23/2024,15,6,5,$15.00 ,$75.00 ,0
7/12/2023,5,7,1,$100.00 ,$100.00 ,0
1/23/2023,17,4,1,$150.00 ,$150.00 ,0
10/8/2024,12,13,2,$30.00 ,$60.00 ,0
5/15/2023,12,14,8,$95.00 ,$760.00 ,0
1/18/2023,8,6,3,$15.00 ,$45.00 ,0
7/21/2024,15,15,10,$20.00 ,$200.00 ,0
10/12/2023,5,1,4,$25.00 ,$100.00 ,0
11/30/2024,13,1,2,$25.00 ,$50.00 ,0
10/2/2023,11,6,4,$15.00 ,$60.00 ,0
8/19/2024,9,6,5,$15.00 ,$75.00 ,0
2/17/2024,12,1,2,$25.00 ,$50.00 ,0
10/26/2024,17,11,3,$60.00 ,$180.00 ,0
10/9/2023,8,1,9,$25.00 ,$225.00 ,0
10/3/2024,2,7,1,$100.00 ,$100.00 ,0
3/26/2024,11,5,7,$80.00 ,$560.00 ,0
5/5/2024,11,2,5,$120.00 ,$600.00 ,1
1/30/2024,1,10,3,$100.00 ,$300.00 ,0
5/27/2024,18,7,10,$100.00 ,"$1,000.00 ",0
8/16/2024,3,2,7,$120.00 ,$840.00 ,0
7/15/2024,9,14,7,$95.00 ,$665.00 ,0
2/28/2024,12,13,3,$30.00 ,$90.00 ,0
11/22/2023,16,13,1,$30.00 ,$30.00 ,0
10/18/2024,13,11,10,$60.00 ,$600.00 ,0
9/19/2023,1,3,3,$20.00 ,$60.00 ,1
4/18/2024,1,3,9,$20.00 ,$180.00 ,0
10/7/2023,4,8,7,$25.00 ,$175.00 ,0
11/8/2024,1,13,1,$30.00 ,$30.00 ,0
2/1/2024,16,12,3,$50.00 ,$150.00 ,0
10/9/2024,13,7,10,$100.00 ,"$1,000.00 ",0
5/14/2024,12,1,1,$25.00 ,$25.00 ,0
4/24/2024,4,15,1,$20.00 ,$20.00 ,0
1/3/2024,16,9,2,$110.00 ,$220.00 ,0
5/14/2023,6,14,10,$95.00 ,$950.00 ,0
3/25/2023,10,3,1,$20.00 ,$20.00 ,0
7/9/2023,10,5,8,$80.00 ,$640.00 ,0
1/7/2024,17,8,2,$25.00 ,$50.00 ,0
7/27/2024,14,15,9,$20.00 ,$180.00 ,0
11/22/2024,11,14,5,$95.00 ,$475.00 ,1
7/15/2024,10,2,6,$120.00 ,$720.00 ,0
6/15/2023,1,5,2,$80.00 ,$160.00 ,0
4/23/2023,5,15,6,$20.00 ,$120.00 ,0
10/31/2023,18,3,2,$20.00 ,$40.00 ,0
3/11/2024,14,13,8,$30.00 ,$240.00 ,0
1/26/2024,7,9,8,$110.00 ,$880.00 ,3
7/14/2024,6,10,10,$100.00 ,"$1,000.00 ",0
7/10/2024,17,3,1,$20.00 ,$20.00 ,0
1/15/2024,12,6,3,$15.00 ,$45.00 ,0
3/7/2023,2,10,2,$100.00 ,$200.00 ,0
4/28/2023,9,11,10,$60.00 ,$600.00 ,0
12/8/2024,8,12,6,$50.00 ,$300.00 ,0
9/27/2023,14,5,5,$80.00 ,$400.00 ,0
6/14/2024,7,1,1,$25.00 ,$25.00 ,0
9/9/2023,6,3,5,$20.00 ,$100.00 ,0
12/30/2024,6,7,9,$100.00 ,$900.00 ,0
1/17/2023,7,7,2,$100.00 ,$200.00 ,0
4/3/2024,12,9,6,$110.00 ,$660.00 ,0
1/14/2024,11,6,6,$15.00 ,$90.00 ,0
9/20/2024,8,10,3,$100.00 ,$300.00 ,0
4/5/2024,1,14,3,$95.00 ,$285.00 ,0
7/23/2023,17,15,4,$20.00 ,$80.00 ,0
9/11/2024,11,4,9,$150.00 ,"$1,350.00 ",0
10/17/2023,13,15,7,$20.00 ,$140.00 ,0
12/26/2024,5,16,10,$50.00 ,$500.00 ,0
7/10/2024,11,15,8,$20.00 ,$160.00 ,0
1/12/2024,17,12,8,$50.00 ,$400.00 ,0
9/16/2023,18,14,4,$95.00 ,$380.00 ,0
8/9/2024,12,8,7,$25.00 ,$175.00 ,0
10/21/2024,11,2,1,$120.00 ,$120.00 ,0
9/19/2024,4,6,3,$15.00 ,$45.00 ,0
4/9/2024,3,12,10,$50.00 ,$500.00 ,0
3/21/2023,6,11,1,$60.00 ,$60.00 ,0
9/25/2024,11,2,8,$120.00 ,$960.00 ,0
4/2/2024,9,13,8,$30.00 ,$240.00 ,0
10/12/2023,1,14,10,$95.00 ,$950.00 ,0
8/4/2024,10,8,7,$25.00 ,$175.00 ,0
12/13/2023,12,15,10,$20.00 ,$200.00 ,0
7/20/2023,18,16,1,$50.00 ,$50.00 ,0
7/11/2023,10,3,3,$20.00 ,$60.00 ,0
4/7/2023,13,10,10,$100.00 ,"$1,000.00 ",0
2/5/2023,1,13,3,$30.00 ,$90.00 ,1
2/19/2023,8,6,3,$15.00 ,$45.00 ,0
2/7/2024,12,11,3,$60.00 ,$180.00 ,0
12/3/2024,13,15,3,$20.00 ,$60.00 ,0
9/2/2024,7,7,3,$100.00 ,$300.00 ,0
9/16/2023,12,6,5,$15.00 ,$75.00 ,0
10/4/2024,13,4,3,$150.00 ,$450.00 ,0
3/1/2023,14,8,3,$25.00 ,$75.00 ,0
3/27/2024,9,12,3,$50.00 ,$150.00 ,0
9/7/2024,10,6,5,$15.00 ,$75.00 ,0
4/22/2023,7,2,9,$120.00 ,"$1,080.00 ",0
5/28/2023,4,6,3,$15.00 ,$45.00 ,0
9/29/2024,7,12,8,$50.00 ,$400.00 ,0
1/18/2023,1,4,4,$150.00 ,$600.00 ,0
11/30/2024,17,2,6,$120.00 ,$720.00 ,0
5/14/2024,3,4,4,$150.00 ,$600.00 ,0
3/27/2023,14,16,8,$50.00 ,$400.00 ,0
7/8/2023,11,15,9,$20.00 ,$180.00 ,0
9/10/2024,6,9,2,$110.00 ,$220.00 ,0
8/7/2023,1,13,8,$30.00 ,$240.00 ,0
8/27/2024,4,10,8,$100.00 ,$800.00 ,0
12/16/2023,15,8,5,$25.00 ,$125.00 ,0
11/11/2024,12,10,2,$100.00 ,$200.00 ,0
2/27/2024,18,1,5,$25.00 ,$125.00 ,0
3/30/2023,4,11,6,$60.00 ,$360.00 ,0
9/6/2024,2,13,3,$30.00 ,$90.00 ,0
12/6/2024,3,14,4,$95.00 ,$380.00 ,0
3/8/2023,17,12,8,$50.00 ,$400.00 ,0
5/7/2024,1,2,9,$120.00 ,"$1,080.00 ",0
12/10/2023,15,13,3,$30.00 ,$90.00 ,0
10/22/2024,14,15,8,$20.00 ,$160.00 ,2
1/25/2024,7,3,7,$20.00 ,$140.00 ,0
4/21/2024,16,7,8,$100.00 ,$800.00 ,0
3/12/2023,17,2,6,$120.00 ,$720.00 ,0
2/13/2024,3,13,8,$30.00 ,$240.00 ,0
11/14/2023,7,7,4,$100.00 ,$400.00 ,0
4/14/2023,17,13,9,$30.00 ,$270.00 ,0
10/20/2024,5,14,10,$95.00 ,$950.00 ,0
7/3/2023,11,5,7,$80.00 ,$560.00 ,0
1/29/2024,7,8,2,$25.00 ,$50.00 ,0
3/18/2024,2,1,7,$25.00 ,$175.00 ,0
10/24/2024,10,13,1,$30.00 ,$30.00 ,0
6/19/2023,4,9,4,$110.00 ,$440.00 ,0
5/15/2023,2,8,7,$25.00 ,$175.00 ,0
2/18/2023,5,15,6,$20.00 ,$120.00 ,0
8/22/2023,8,12,5,$50.00 ,$250.00 ,0
4/21/2023,16,11,7,$60.00 ,$420.00 ,0
8/6/2023,16,3,1,$20.00 ,$20.00 ,0
2/17/2023,4,13,2,$30.00 ,$60.00 ,0
3/27/2023,3,12,8,$50.00 ,$400.00 ,0
7/22/2024,14,3,2,$20.00 ,$40.00 ,0
11/16/2024,6,8,8,$25.00 ,$200.00 ,0
2/1/2023,10,6,3,$15.00 ,$45.00 ,0
3/4/2023,12,1,7,$25.00 ,$175.00 ,0
1/22/2024,3,15,5,$20.00 ,$100.00 ,0
3/21/2023,16,6,6,$15.00 ,$90.00 ,0
4/7/2023,4,6,10,$15.00 ,$150.00 ,0
3/16/2023,7,2,8,$120.00 ,$960.00 ,0
10/11/2023,8,13,8,$30.00 ,$240.00 ,0
9/9/2024,2,15,5,$20.00 ,$100.00 ,0
3/6/2023,18,15,7,$20.00 ,$140.00 ,2
12/27/2024,8,13,8,$30.00 ,$240.00 ,0
8/17/2023,6,16,6,$50.00 ,$300.00 ,0
9/18/2023,3,3,9,$20.00 ,$180.00 ,0
2/14/2023,17,10,7,$100.00 ,$700.00 ,0
8/4/2023,9,4,8,$150.00 ,"$1,200.00 ",0
2/21/2024,4,2,3,$120.00 ,$360.00 ,0
11/24/2023,12,3,10,$20.00 ,$200.00 ,1
2/23/2024,6,9,8,$110.00 ,$880.00 ,0
7/24/2024,18,8,10,$25.00 ,$250.00 ,0
8/14/2024,9,11,4,$60.00 ,$240.00 ,0
11/27/2024,6,12,7,$50.00 ,$350.00 ,0
3/1/2024,11,8,3,$25.00 ,$75.00 ,0
1/11/2024,10,15,2,$20.00 ,$40.00 ,0
8/15/2024,16,8,9,$25.00 ,$225.00 ,0
1/5/2024,12,13,3,$30.00 ,$90.00 ,0
11/14/2024,13,6,4,$15.00 ,$60.00 ,0
5/29/2023,17,12,10,$50.00 ,$500.00 ,0
4/22/2023,8,5,7,$80.00 ,$560.00 ,0
7/8/2023,9,7,6,$100.00 ,$600.00 ,0
6/19/2024,5,14,9,$95.00 ,$855.00 ,2
11/11/2024,17,5,4,$80.00 ,$320.00 ,0
4/14/2024,5,6,4,$15.00 ,$60.00 ,0
9/30/2024,18,1,2,$25.00 ,$50.00 ,0
11/17/2024,17,2,8,$120.00 ,$960.00 ,0
4/27/2024,8,10,2,$100.00 ,$200.00 ,0
1/19/2024,2,15,3,$20.00 ,$60.00 ,0
3/8/2024,1,7,8,$100.00 ,$800.00 ,0
5/30/2024,6,15,8,$20.00 ,$160.00 ,0
1/17/2024,9,11,3,$60.00 ,$180.00 ,0
11/16/2024,11,9,2,$110.00 ,$220.00 ,0
8/30/2024,17,12,2,$50.00 ,$100.00 ,0
9/25/2023,7,9,5,$110.00 ,$550.00 ,0
8/30/2023,9,5,10,$80.00 ,$800.00 ,0
5/17/2024,18,10,6,$100.00 ,$600.00 ,0
10/2/2024,6,16,7,$50.00 ,$350.00 ,1
6/4/2023,4,7,2,$100.00 ,$200.00 ,0
5/12/2024,1,13,9,$30.00 ,$270.00 ,0
10/5/2023,5,7,10,$100.00 ,"$1,000.00 ",0
10/13/2024,11,15,10,$20.00 ,$200.00 ,0
3/3/2023,15,12,3,$50.00 ,$150.00 ,0
8/25/2024,6,11,8,$60.00 ,$480.00 ,0
9/12/2023,4,13,9,$30.00 ,$270.00 ,0
3/3/2023,14,10,3,$100.00 ,$300.00 ,0
11/10/2024,3,3,5,$20.00 ,$100.00 ,0
12/23/2023,5,9,2,$110.00 ,$220.00 ,0
11/11/2024,15,12,7,$50.00 ,$350.00 ,0
6/30/2023,3,12,2,$50.00 ,$100.00 ,0
8/25/2024,13,14,7,$95.00 ,$665.00 ,0
12/22/2024,18,5,4,$80.00 ,$320.00 ,0
7/15/2024,8,8,7,$25.00 ,$175.00 ,0
2/5/2024,7,14,2,$95.00 ,$190.00 ,0
5/2/2024,10,15,9,$20.00 ,$180.00 ,0
4/13/2023,7,8,3,$25.00 ,$75.00 ,0
3/6/2024,16,1,4,$25.00 ,$100.00 ,0
3/14/2023,5,3,6,$20.00 ,$120.00 ,0
7/28/2023,16,5,1,$80.00 ,$80.00 ,0
11/7/2024,13,1,3,$25.00 ,$75.00 ,0
11/30/2023,14,6,6,$15.00 ,$90.00 ,0
3/26/2023,16,15,3,$20.00 ,$60.00 ,0
10/28/2023,6,6,8,$15.00 ,$120.00 ,0
12/3/2024,5,7,1,$100.00 ,$100.00 ,0
11/29/2023,16,8,5,$25.00 ,$125.00 ,0
1/3/2023,11,9,2,$110.00 ,$220.00 ,0
1/13/2024,11,12,3,$50.00 ,$150.00 ,0
6/22/2024,11,7,6,$100.00 ,$600.00 ,0
4/21/2023,2,10,10,$100.00 ,"$1,000.00 ",0
1/7/2024,16,4,8,$150.00 ,"$1,200.00 ",1
8/2/2024,7,3,5,$20.00 ,$100.00 ,0
7/9/2023,5,11,9,$60.00 ,$540.00 ,0
7/7/2024,15,5,1,$80.00 ,$80.00 ,0
1/25/2024,18,4,8,$150.00 ,"$1,200.00 ",0
11/17/2024,8,3,5,$20.00 ,$100.00 ,0
12/5/2024,11,16,6,$50.00 ,$300.00 ,2
8/20/2024,1,16,8,$50.00 ,$400.00 ,0
7/16/2024,12,5,6,$80.00 ,$480.00 ,0
7/14/2023,10,3,8,$20.00 ,$160.00 ,0
2/27/2024,12,14,8,$95.00 ,$760.00 ,0
8/12/2023,11,3,8,$20.00 ,$160.00 ,0
12/7/2023,2,12,9,$50.00 ,$450.00 ,2
12/27/2024,18,5,6,$80.00 ,$480.00 ,0
1/21/2024,5,2,3,$120.00 ,$360.00 ,1
12/5/2023,15,5,6,$80.00 ,$480.00 ,0
10/23/2024,4,1,10,$25.00 ,$250.00 ,0
9/16/2024,7,1,3,$25.00 ,$75.00 ,0
9/18/2024,17,7,3,$100.00 ,$300.00 ,0
8/28/2023,7,8,4,$25.00 ,$100.00 ,0
6/24/2024,17,11,5,$60.00 ,$300.00 ,0
3/20/2024,10,5,5,$80.00 ,$400.00 ,0
10/4/2024,17,4,2,$150.00 ,$300.00 ,0
7/27/2024,15,1,3,$25.00 ,$75.00 ,0
1/10/2024,13,5,4,$80.00 ,$320.00 ,0
11/17/2023,14,5,1,$80.00 ,$80.00 ,0
3/31/2024,6,4,3,$150.00 ,$450.00 ,0
5/1/2024,4,5,1,$80.00 ,$80.00 ,0
12/6/2024,1,16,1,$50.00 ,$50.00 ,0
1/18/2023,13,14,5,$95.00 ,$475.00 ,0
3/5/2024,3,3,4,$20.00 ,$80.00 ,0
1/9/2023,18,2,1,$120.00 ,$120.00 ,0
2/8/2024,8,4,8,$150.00 ,"$1,200.00 ",0
5/2/2023,18,5,9,$80.00 ,$720.00 ,3
12/8/2024,2,6,2,$15.00 ,$30.00 ,0
2/14/2023,10,15,8,$20.00 ,$160.00 ,0
4/16/2024,10,13,2,$30.00 ,$60.00 ,0
8/25/2023,11,15,5,$20.00 ,$100.00 ,0
10/11/2024,17,16,7,$50.00 ,$350.00 ,0
2/10/2024,12,13,8,$30.00 ,$240.00 ,0
7/19/2024,9,4,4,$150.00 ,$600.00 ,0
7/18/2024,14,5,7,$80.00 ,$560.00 ,0
4/28/2024,13,3,4,$20.00 ,$80.00 ,0
11/7/2024,10,1,3,$25.00 ,$75.00 ,1
3/29/2023,14,2,3,$120.00 ,$360.00 ,0
3/22/2023,13,15,5,$20.00 ,$100.00 ,0
5/17/2024,1,14,8,$95.00 ,$760.00 ,0
12/23/2024,18,8,6,$25.00 ,$150.00 ,0
6/7/2024,4,14,5,$95.00 ,$475.00 ,0
12/5/2023,8,15,6,$20.00 ,$120.00 ,0
9/3/2023,13,3,6,$20.00 ,$120.00 ,0
6/21/2024,13,11,7,$60.00 ,$420.00 ,0
8/17/2024,11,9,8,$110.00 ,$880.00 ,0
7/26/2023,8,13,1,$30.00 ,$30.00 ,0
6/8/2023,11,11,2,$60.00 ,$120.00 ,0
8/1/2023,16,11,8,$60.00 ,$480.00 ,0
1/18/2023,17,1,2,$25.00 ,$50.00 ,0
1/6/2023,6,8,3,$25.00 ,$75.00 ,0
11/11/2023,12,1,9,$25.00 ,$225.00 ,0
9/6/2024,1,14,1,$95.00 ,$95.00 ,0
1/20/2024,16,5,7,$80.00 ,$560.00 ,0
11/27/2023,11,4,2,$150.00 ,$300.00 ,0
4/16/2023,6,9,3,$110.00 ,$330.00 ,0
3/29/2024,3,3,3,$20.00 ,$60.00 ,0
9/9/2023,7,15,3,$20.00 ,$60.00 ,0
5/6/2023,3,5,9,$80.00 ,$720.00 ,0
9/2/2023,3,6,9,$15.00 ,$135.00 ,2
12/10/2024,5,6,6,$15.00 ,$90.00 ,0
12/31/2023,18,9,9,$110.00 ,$990.00 ,2
10/9/2024,10,10,9,$100.00 ,$900.00 ,1
12/15/2023,12,10,2,$100.00 ,$200.00 ,0
4/20/2024,16,2,8,$120.00 ,$960.00 ,0
10/19/2023,13,8,5,$25.00 ,$125.00 ,0
4/23/2024,15,1,2,$25.00 ,$50.00 ,0
2/5/2024,5,1,2,$25.00 ,$50.00 ,0
9/5/2024,18,2,4,$120.00 ,$480.00 ,0
4/13/2024,4,14,8,$95.00 ,$760.00 ,0
12/3/2024,3,6,7,$15.00 ,$105.00 ,0
4/5/2023,14,8,3,$25.00 ,$75.00 ,0
9/25/2024,18,11,7,$60.00 ,$420.00 ,2
8/31/2024,17,3,3,$20.00 ,$60.00 ,0
11/13/2024,9,7,7,$100.00 ,$700.00 ,0
5/2/2023,3,1,2,$25.00 ,$50.00 ,0
7/9/2023,9,3,4,$20.00 ,$80.00 ,0
5/12/2024,13,2,4,$120.00 ,$480.00 ,0
1/21/2023,12,6,3,$15.00 ,$45.00 ,0
6/15/2023,3,6,3,$15.00 ,$45.00 ,0
4/13/2024,16,7,2,$100.00 ,$200.00 ,0
6/17/2024,7,5,9,$80.00 ,$720.00 ,3
12/16/2023,12,13,8,$30.00 ,$240.00 ,0
12/12/2023,1,3,10,$20.00 ,$200.00 ,0
12/7/2024,18,11,9,$60.00 ,$540.00 ,0
11/9/2024,14,12,2,$50.00 ,$100.00 ,0
2/6/2023,17,2,4,$120.00 ,$480.00 ,0
4/22/2023,9,2,1,$120.00 ,$120.00 ,0
3/17/2024,14,12,3,$50.00 ,$150.00 ,0
8/29/2023,4,3,8,$20.00 ,$160.00 ,0
4/23/2024,14,6,9,$15.00 ,$135.00 ,0
8/15/2023,7,4,10,$150.00 ,"$1,500.00 ",0
4/14/2024,13,5,1,$80.00 ,$80.00 ,0
2/5/2023,9,3,1,$20.00 ,$20.00 ,0
9/16/2024,17,1,3,$25.00 ,$75.00 ,0
12/25/2023,11,15,1,$20.00 ,$20.00 ,0
11/6/2024,15,10,6,$100.00 ,$600.00 ,0
9/5/2023,6,4,6,$150.00 ,$900.00 ,1
4/27/2023,15,10,10,$100.00 ,"$1,000.00 ",0
12/26/2023,17,5,9,$80.00 ,$720.00 ,0
5/4/2024,16,6,8,$15.00 ,$120.00 ,0
10/16/2024,9,2,8,$120.00 ,$960.00 ,2
11/2/2023,17,15,6,$20.00 ,$120.00 ,0
2/21/2024,4,5,6,$80.00 ,$480.00 ,0
2/18/2024,1,3,7,$20.00 ,$140.00 ,1
9/16/2023,6,1,5,$25.00 ,$125.00 ,0
9/16/2023,2,15,2,$20.00 ,$40.00 ,0
5/12/2023,17,13,5,$30.00 ,$150.00 ,0
11/18/2024,1,11,3,$60.00 ,$180.00 ,0
9/26/2024,11,8,3,$25.00 ,$75.00 ,0
8/26/2024,17,6,1,$15.00 ,$15.00 ,0
4/15/2023,12,13,5,$30.00 ,$150.00 ,0
1/9/2023,7,10,5,$100.00 ,$500.00 ,0
4/9/2024,13,14,1,$95.00 ,$95.00 ,0
1/21/2023,15,8,2,$25.00 ,$50.00 ,0
10/10/2024,3,13,2,$30.00 ,$60.00 ,0
5/29/2024,3,1,10,$25.00 ,$250.00 ,0
8/9/2024,16,13,3,$30.00 ,$90.00 ,0
7/23/2023,13,6,1,$15.00 ,$15.00 ,0
7/18/2023,6,15,7,$20.00 ,$140.00 ,0
3/29/2023,7,5,1,$80.00 ,$80.00 ,0
12/31/2023,17,2,1,$120.00 ,$120.00 ,0
1/8/2024,12,4,3,$150.00 ,$450.00 ,0
2/16/2024,15,3,8,$20.00 ,$160.00 ,0
5/26/2024,10,5,4,$80.00 ,$320.00 ,0
3/9/2024,5,8,5,$25.00 ,$125.00 ,0
7/13/2023,14,7,1,$100.00 ,$100.00 ,0
3/23/2023,1,11,1,$60.00 ,$60.00 ,0
10/7/2023,4,8,4,$25.00 ,$100.00 ,0
5/31/2024,17,6,4,$15.00 ,$60.00 ,0
7/22/2023,3,6,7,$15.00 ,$105.00 ,0
1/28/2023,10,12,1,$50.00 ,$50.00 ,0
11/14/2024,12,11,3,$60.00 ,$180.00 ,0
9/1/2024,3,7,1,$100.00 ,$100.00 ,0
10/2/2023,16,3,6,$20.00 ,$120.00 ,0
4/10/2023,14,14,4,$95.00 ,$380.00 ,0
12/10/2024,12,4,3,$150.00 ,$450.00 ,0
4/18/2024,10,1,6,$25.00 ,$150.00 ,0
3/9/2024,17,13,6,$30.00 ,$180.00 ,0
8/20/2024,15,9,8,$110.00 ,$880.00 ,0
6/1/2023,17,10,3,$100.00 ,$300.00 ,0
9/26/2024,16,14,9,$95.00 ,$855.00 ,0
2/28/2023,1,4,5,$150.00 ,$750.00 ,0
9/29/2024,8,12,2,$50.00 ,$100.00 ,0
12/3/2023,2,14,6,$95.00 ,$570.00 ,0
4/13/2023,13,7,7,$100.00 ,$700.00 ,0
2/15/2023,5,8,5,$25.00 ,$125.00 ,1
4/27/2023,12,5,5,$80.00 ,$400.00 ,0
10/19/2024,16,10,7,$100.00 ,$700.00 ,0
6/22/2023,1,16,2,$50.00 ,$100.00 ,0
3/15/2024,3,15,7,$20.00 ,$140.00 ,0
6/20/2023,8,4,8,$150.00 ,"$1,200.00 ",0
8/17/2023,4,8,2,$25.00 ,$50.00 ,0
4/19/2024,16,12,6,$50.00 ,$300.00 ,0
5/2/2024,4,16,9,$50.00 ,$450.00 ,0
12/26/2023,15,3,10,$20.00 ,$200.00 ,0
7/22/2023,13,8,6,$25.00 ,$150.00 ,0
5/12/2023,8,7,7,$100.00 ,$700.00 ,0
4/7/2023,3,8,9,$25.00 ,$225.00 ,0
8/4/2024,10,9,2,$110.00 ,$220.00 ,0
6/3/2024,2,8,4,$25.00 ,$100.00 ,0
1/18/2023,16,14,8,$95.00 ,$760.00 ,1
9/19/2024,17,11,10,$60.00 ,$600.00 ,0
1/19/2024,9,1,4,$25.00 ,$100.00 ,0
7/1/2023,18,3,9,$20.00 ,$180.00 ,0
8/14/2023,1,15,2,$20.00 ,$40.00 ,0
4/1/2023,3,12,1,$50.00 ,$50.00 ,0
4/13/2023,5,9,1,$110.00 ,$110.00 ,0
11/5/2023,14,5,3,$80.00 ,$240.00 ,0
6/24/2024,9,7,7,$100.00 ,$700.00 ,0
1/29/2024,13,2,4,$120.00 ,$480.00 ,0
5/16/2024,13,7,10,$100.00 ,"$1,000.00 ",0
5/4/2024,10,10,10,$100.00 ,"$1,000.00 ",0
10/30/2024,6,11,3,$60.00 ,$180.00 ,0
5/5/2024,1,9,10,$110.00 ,"$1,100.00 ",0
7/17/2024,18,13,2,$30.00 ,$60.00 ,0
4/20/2023,4,12,9,$50.00 ,$450.00 ,0
6/2/2024,8,9,6,$110.00 ,$660.00 ,0
11/7/2023,8,12,3,$50.00 ,$150.00 ,0
1/14/2023,3,10,3,$100.00 ,$300.00 ,0
2/5/2024,11,14,3,$95.00 ,$285.00 ,0
3/8/2023,16,4,7,$150.00 ,"$1,050.00 ",2
6/14/2024,11,2,2,$120.00 ,$240.00 ,0
11/15/2024,8,1,7,$25.00 ,$175.00 ,0
5/26/2023,16,4,10,$150.00 ,"$1,500.00 ",0
2/22/2024,11,2,8,$120.00 ,$960.00 ,0
2/26/2023,2,4,1,$150.00 ,$150.00 ,0
12/27/2024,5,8,4,$25.00 ,$100.00 ,0
5/20/2023,9,8,8,$25.00 ,$200.00 ,0
2/14/2023,16,12,7,$50.00 ,$350.00 ,0
2/14/2024,1,12,8,$50.00 ,$400.00 ,1
12/13/2024,17,4,5,$150.00 ,$750.00 ,0
7/13/2024,4,7,4,$100.00 ,$400.00 ,1
1/20/2024,6,11,5,$60.00 ,$300.00 ,0
2/11/2024,13,3,5,$20.00 ,$100.00 ,0
2/26/2023,11,3,1,$20.00 ,$20.00 ,0
2/15/2024,16,15,3,$20.00 ,$60.00 ,0
9/18/2024,13,13,2,$30.00 ,$60.00 ,0
11/27/2023,14,16,9,$50.00 ,$450.00 ,0
12/3/2024,17,9,7,$110.00 ,$770.00 ,0
7/22/2023,16,6,8,$15.00 ,$120.00 ,0
5/2/2024,3,5,10,$80.00 ,$800.00 ,0
12/24/2024,16,12,4,$50.00 ,$200.00 ,0
10/4/2024,6,14,5,$95.00 ,$475.00 ,0
9/30/2023,6,14,9,$95.00 ,$855.00 ,0
5/6/2024,7,13,6,$30.00 ,$180.00 ,0
8/12/2024,6,9,1,$110.00 ,$110.00 ,0
12/2/2024,4,5,10,$80.00 ,$800.00 ,2
3/14/2023,18,7,4,$100.00 ,$400.00 ,0
1/19/2024,16,8,5,$25.00 ,$125.00 ,1
9/8/2023,15,14,2,$95.00 ,$190.00 ,0
10/4/2024,17,6,10,$15.00 ,$150.00 ,0
4/24/2023,4,6,2,$15.00 ,$30.00 ,0
1/10/2023,18,6,2,$15.00 ,$30.00 ,0
6/19/2023,12,15,5,$20.00 ,$100.00 ,0
8/11/2023,16,1,3,$25.00 ,$75.00 ,0
7/15/2024,9,3,1,$20.00 ,$20.00 ,0
10/6/2024,8,3,5,$20.00 ,$100.00 ,0
5/6/2024,17,1,8,$25.00 ,$200.00 ,0
3/30/2024,12,16,6,$50.00 ,$300.00 ,1
8/14/2023,9,11,4,$60.00 ,$240.00 ,0
1/7/2023,6,10,8,$100.00 ,$800.00 ,0
3/28/2024,13,16,7,$50.00 ,$350.00 ,0
4/24/2024,10,13,8,$30.00 ,$240.00 ,0
4/30/2024,14,9,6,$110.00 ,$660.00 ,0
2/17/2023,17,6,8,$15.00 ,$120.00 ,0
2/26/2023,5,7,3,$100.00 ,$300.00 ,0
7/13/2023,15,8,7,$25.00 ,$175.00 ,0
8/12/2024,2,16,9,$50.00 ,$450.00 ,0
2/9/2023,9,2,6,$120.00 ,$720.00 ,0
7/13/2024,17,8,2,$25.00 ,$50.00 ,0
2/15/2023,15,6,7,$15.00 ,$105.00 ,0
2/11/2024,9,8,4,$25.00 ,$100.00 ,0
8/30/2024,3,1,1,$25.00 ,$25.00 ,0
2/24/2023,1,6,8,$15.00 ,$120.00 ,0
1/29/2023,10,12,8,$50.00 ,$400.00 ,0
1/19/2023,6,3,7,$20.00 ,$140.00 ,0
4/24/2023,13,14,10,$95.00 ,$950.00 ,0
9/23/2024,16,5,4,$80.00 ,$320.00 ,0
6/6/2024,18,8,8,$25.00 ,$200.00 ,0
11/16/2023,5,5,6,$80.00 ,$480.00 ,0
12/27/2023,17,5,6,$80.00 ,$480.00 ,0
12/20/2024,7,13,3,$30.00 ,$90.00 ,0
12/31/2023,7,11,1,$60.00 ,$60.00 ,0
6/6/2023,16,3,7,$20.00 ,$140.00 ,0
6/26/2024,9,5,1,$80.00 ,$80.00 ,0
3/31/2023,10,9,7,$110.00 ,$770.00 ,0
10/26/2023,13,16,8,$50.00 ,$400.00 ,0
11/30/2023,18,9,3,$110.00 ,$330.00 ,0
2/18/2024,1,3,3,$20.00 ,$60.00 ,0
4/11/2023,16,6,6,$15.00 ,$90.00 ,2
8/20/2023,14,3,9,$20.00 ,$180.00 ,0
8/19/2024,10,7,8,$100.00 ,$800.00 ,0
1/27/2024,11,11,7,$60.00 ,$420.00 ,0
7/2/2024,2,6,3,$15.00 ,$45.00 ,0
4/1/2023,8,5,6,$80.00 ,$480.00 ,0
12/28/2024,11,5,8,$80.00 ,$640.00 ,0
10/5/2024,1,6,10,$15.00 ,$150.00 ,0
5/13/2023,15,12,1,$50.00 ,$50.00 ,0
10/28/2024,9,2,7,$120.00 ,$840.00 ,0
6/8/2023,5,2,5,$120.00 ,$600.00 ,0
3/18/2024,10,16,4,$50.00 ,$200.00 ,0
2/14/2024,6,6,5,$15.00 ,$75.00 ,0
11/7/2024,8,12,2,$50.00 ,$100.00 ,0
2/17/2024,2,15,7,$20.00 ,$140.00 ,0
11/14/2023,1,8,5,$25.00 ,$125.00 ,0
8/28/2023,14,5,7,$80.00 ,$560.00 ,0
10/18/2023,6,15,3,$20.00 ,$60.00 ,0
11/12/2024,12,9,8,$110.00 ,$880.00 ,0
10/10/2024,16,6,6,$15.00 ,$90.00 ,0
9/14/2023,5,15,2,$20.00 ,$40.00 ,0
5/27/2024,15,12,10,$50.00 ,$500.00 ,0
5/27/2024,12,9,2,$110.00 ,$220.00 ,0
10/1/2024,2,3,5,$20.00 ,$100.00 ,0
4/24/2024,6,8,9,$25.00 ,$225.00 ,0
8/26/2024,4,11,9,$60.00 ,$540.00 ,0
5/9/2023,10,8,4,$25.00 ,$100.00 ,0
7/28/2024,6,15,10,$20.00 ,$200.00 ,0
5/9/2023,8,10,7,$100.00 ,$700.00 ,0
4/4/2024,4,12,4,$50.00 ,$200.00 ,0
2/19/2023,9,5,7,$80.00 ,$560.00 ,0
4/26/2024,4,8,10,$25.00 ,$250.00 ,0
12/16/2023,4,16,7,$50.00 ,$350.00 ,0
1/31/2023,17,2,7,$120.00 ,$840.00 ,0
3/11/2024,13,13,3,$30.00 ,$90.00 ,0
8/8/2024,1,6,9,$15.00 ,$135.00 ,0
5/1/2024,5,12,2,$50.00 ,$100.00 ,0
4/30/2023,15,10,10,$100.00 ,"$1,000.00 ",0
3/15/2023,18,5,1,$80.00 ,$80.00 ,0
11/2/2024,18,14,7,$95.00 ,$665.00 ,0
6/24/2023,11,6,3,$15.00 ,$45.00 ,1
8/14/2023,8,14,7,$95.00 ,$665.00 ,0
12/21/2024,1,15,8,$20.00 ,$160.00 ,0
3/9/2024,7,2,7,$120.00 ,$840.00 ,0
8/18/2024,2,15,5,$20.00 ,$100.00 ,1
9/3/2023,5,10,7,$100.00 ,$700.00 ,0
4/3/2023,3,7,6,$100.00 ,$600.00 ,0
8/3/2023,17,11,9,$60.00 ,$540.00 ,0
1/21/2023,17,4,8,$150.00 ,"$1,200.00 ",0
4/9/2023,18,6,2,$15.00 ,$30.00 ,0
1/7/2024,13,8,3,$25.00 ,$75.00 ,0
6/5/2024,12,16,8,$50.00 ,$400.00 ,0
12/10/2024,16,13,7,$30.00 ,$210.00 ,0
3/13/2024,13,15,5,$20.00 ,$100.00 ,0
9/23/2023,2,1,5,$25.00 ,$125.00 ,0
3/29/2024,5,1,8,$25.00 ,$200.00 ,0
8/4/2023,17,2,1,$120.00 ,$120.00 ,0
7/3/2024,8,5,2,$80.00 ,$160.00 ,0
2/16/2023,8,7,1,$100.00 ,$100.00 ,0
3/14/2024,11,13,8,$30.00 ,$240.00 ,0
1/25/2024,9,5,4,$80.00 ,$320.00 ,0
7/28/2024,17,14,7,$95.00 ,$665.00 ,0
5/28/2024,11,13,5,$30.00 ,$150.00 ,0
7/20/2024,8,15,10,$20.00 ,$200.00 ,0
8/1/2024,6,11,2,$60.00 ,$120.00 ,0
3/16/2023,7,4,8,$150.00 ,"$1,200.00 ",0
8/3/2024,6,11,2,$60.00 ,$120.00 ,0
5/14/2024,14,6,4,$15.00 ,$60.00 ,0
7/17/2024,4,12,2,$50.00 ,$100.00 ,0
6/7/2024,18,2,4,$120.00 ,$480.00 ,0
7/6/2024,9,12,4,$50.00 ,$200.00 ,0
10/17/2024,15,9,8,$110.00 ,$880.00 ,2
2/9/2024,7,3,8,$20.00 ,$160.00 ,0
2/17/2023,15,7,4,$100.00 ,$400.00 ,0
6/29/2024,11,3,10,$20.00 ,$200.00 ,0
10/13/2024,18,8,2,$25.00 ,$50.00 ,0
5/27/2023,1,10,9,$100.00 ,$900.00 ,1
12/3/2024,7,15,7,$20.00 ,$140.00 ,0
9/22/2024,17,6,7,$15.00 ,$105.00 ,0
7/28/2023,17,8,3,$25.00 ,$75.00 ,0
3/5/2023,11,1,1,$25.00 ,$25.00 ,0
10/6/2024,5,4,2,$150.00 ,$300.00 ,0
7/13/2024,16,7,5,$100.00 ,$500.00 ,0
8/13/2024,14,16,1,$50.00 ,$50.00 ,0
2/10/2024,18,11,8,$60.00 ,$480.00 ,0
10/4/2024,9,7,5,$100.00 ,$500.00 ,0
9/13/2023,7,3,9,$20.00 ,$180.00 ,0
4/12/2023,5,7,2,$100.00 ,$200.00 ,0
8/31/2023,12,4,4,$150.00 ,$600.00 ,0
8/10/2024,8,10,2,$100.00 ,$200.00 ,0
5/24/2023,11,2,2,$120.00 ,$240.00 ,0
2/18/2023,9,6,4,$15.00 ,$60.00 ,0
6/27/2023,9,13,10,$30.00 ,$300.00 ,0
9/26/2023,2,10,7,$100.00 ,$700.00 ,0
10/25/2024,14,16,2,$50.00 ,$100.00 ,0
1/15/2024,2,13,7,$30.00 ,$210.00 ,0
10/10/2023,15,5,2,$80.00 ,$160.00 ,0
4/2/2023,16,9,7,$110.00 ,$770.00 ,0
9/8/2024,14,4,9,$150.00 ,"$1,350.00 ",0
12/27/2024,4,1,8,$25.00 ,$200.00 ,0
6/26/2023,1,3,9,$20.00 ,$180.00 ,0
9/7/2024,3,11,9,$60.00 ,$540.00 ,1
12/17/2024,1,7,4,$100.00 ,$400.00 ,0
10/12/2023,16,7,5,$100.00 ,$500.00 ,0
5/9/2023,10,15,6,$20.00 ,$120.00 ,0
1/17/2023,15,6,1,$15.00 ,$15.00 ,0
2/8/2024,11,2,8,$120.00 ,$960.00 ,0
10/15/2023,15,8,2,$25.00 ,$50.00 ,0
9/4/2024,15,9,3,$110.00 ,$330.00 ,0
10/7/2024,13,5,3,$80.00 ,$240.00 ,0
4/24/2023,3,15,3,$20.00 ,$60.00 ,0
2/22/2023,13,6,8,$15.00 ,$120.00 ,0
9/25/2024,2,11,1,$60.00 ,$60.00 ,0
3/26/2024,4,13,3,$30.00 ,$90.00 ,0
10/13/2023,10,11,2,$60.00 ,$120.00 ,0
6/6/2023,1,1,1,$25.00 ,$25.00 ,0
7/14/2024,14,12,8,$50.00 ,$400.00 ,0
11/27/2023,13,7,3,$100.00 ,$300.00 ,0
6/2/2023,10,2,7,$120.00 ,$840.00 ,0
9/13/2024,17,9,10,$110.00 ,"$1,100.00 ",0
9/14/2023,5,13,4,$30.00 ,$120.00 ,0
6/16/2023,7,15,8,$20.00 ,$160.00 ,0
3/26/2023,2,10,8,$100.00 ,$800.00 ,0
12/12/2024,16,3,7,$20.00 ,$140.00 ,0
4/13/2024,7,9,7,$110.00 ,$770.00 ,0
5/7/2024,11,11,5,$60.00 ,$300.00 ,0
5/31/2024,10,5,2,$80.00 ,$160.00 ,0
7/23/2024,11,2,9,$120.00 ,"$1,080.00 ",0
11/18/2024,5,5,4,$80.00 ,$320.00 ,0
3/27/2023,9,5,3,$80.00 ,$240.00 ,0
1/26/2023,3,6,5,$15.00 ,$75.00 ,0
5/6/2024,18,6,10,$15.00 ,$150.00 ,0
12/28/2023,14,1,2,$25.00 ,$50.00 ,0
7/7/2024,15,14,10,$95.00 ,$950.00 ,0
9/11/2024,7,14,2,$95.00 ,$190.00 ,0
1/10/2024,17,6,5,$15.00 ,$75.00 ,0
3/24/2024,12,1,5,$25.00 ,$125.00 ,0
7/19/2024,4,11,5,$60.00 ,$300.00 ,0
4/25/2023,9,13,8,$30.00 ,$240.00 ,0
2/4/2024,12,2,8,$120.00 ,$960.00 ,2
5/4/2023,10,16,3,$50.00 ,$150.00 ,0
4/30/2024,11,9,9,$110.00 ,$990.00 ,1
5/18/2023,11,8,3,$25.00 ,$75.00 ,0
3/10/2023,14,2,5,$120.00 ,$600.00 ,0
8/2/2023,13,12,5,$50.00 ,$250.00 ,0
3/31/2023,6,5,4,$80.00 ,$320.00 ,0
7/7/2024,10,2,4,$120.00 ,$480.00 ,0
8/20/2023,6,8,9,$25.00 ,$225.00 ,0
2/22/2024,6,16,7,$50.00 ,$350.00 ,0
8/21/2023,3,6,7,$15.00 ,$105.00 ,0
6/25/2023,17,16,4,$50.00 ,$200.00 ,0
8/19/2023,3,3,10,$20.00 ,$200.00 ,0
10/19/2024,10,7,8,$100.00 ,$800.00 ,0
5/2/2024,5,1,10,$25.00 ,$250.00 ,0
11/26/2024,5,15,5,$20.00 ,$100.00 ,0
3/29/2024,13,15,5,$20.00 ,$100.00 ,0
7/12/2023,8,6,4,$15.00 ,$60.00 ,0
2/8/2023,8,1,1,$25.00 ,$25.00 ,0
8/13/2023,2,13,2,$30.00 ,$60.00 ,0
9/27/2024,6,14,5,$95.00 ,$475.00 ,0
11/15/2023,1,15,4,$20.00 ,$80.00 ,0
11/10/2024,3,12,6,$50.00 ,$300.00 ,0
2/8/2024,1,1,3,$25.00 ,$75.00 ,0
12/25/2023,2,11,1,$60.00 ,$60.00 ,0
7/13/2024,14,8,6,$25.00 ,$150.00 ,0
3/31/2024,2,4,8,$150.00 ,"$1,200.00 ",0
7/2/2024,9,16,10,$50.00 ,$500.00 ,0
4/25/2024,5,6,3,$15.00 ,$45.00 ,0
10/1/2024,4,16,9,$50.00 ,$450.00 ,0
11/14/2023,4,15,8,$20.00 ,$160.00 ,0
12/9/2023,10,7,1,$100.00 ,$100.00 ,0
1/1/2023,13,10,3,$100.00 ,$300.00 ,0
12/12/2023,13,5,7,$80.00 ,$560.00 ,0
9/20/2023,11,9,9,$110.00 ,$990.00 ,0
4/16/2023,11,11,3,$60.00 ,$180.00 ,0
11/5/2024,6,9,2,$110.00 ,$220.00 ,0
4/21/2024,18,10,9,$100.00 ,$900.00 ,0
12/2/2024,14,15,7,$20.00 ,$140.00 ,0
11/12/2023,7,9,1,$110.00 ,$110.00 ,0
7/17/2023,10,16,2,$50.00 ,$100.00 ,0
6/24/2024,8,6,9,$15.00 ,$135.00 ,0
7/18/2023,13,14,4,$95.00 ,$380.00 ,0
6/23/2024,3,5,8,$80.00 ,$640.00 ,0
10/23/2024,18,15,9,$20.00 ,$180.00 ,0
12/10/2023,12,9,10,$110.00 ,"$1,100.00 ",3
3/25/2023,4,2,8,$120.00 ,$960.00 ,0
6/8/2024,6,5,6,$80.00 ,$480.00 ,0
10/26/2023,13,14,7,$95.00 ,$665.00 ,0
10/9/2023,5,1,3,$25.00 ,$75.00 ,1
10/28/2024,10,5,9,$80.00 ,$720.00 ,0
5/3/2024,17,2,1,$120.00 ,$120.00 ,0
3/26/2023,8,5,2,$80.00 ,$160.00 ,0
11/13/2024,11,15,1,$20.00 ,$20.00 ,0
5/19/2023,15,14,7,$95.00 ,$665.00 ,0
1/31/2023,5,4,1,$150.00 ,$150.00 ,0
9/29/2024,3,7,8,$100.00 ,$800.00 ,0
2/23/2024,3,11,6,$60.00 ,$360.00 ,0
5/18/2024,6,2,9,$120.00 ,"$1,080.00 ",0
10/16/2023,3,12,6,$50.00 ,$300.00 ,0
9/3/2023,13,14,5,$95.00 ,$475.00 ,0
6/30/2023,8,16,4,$50.00 ,$200.00 ,0
3/4/2023,18,6,5,$15.00 ,$75.00 ,0
5/12/2023,11,11,1,$60.00 ,$60.00 ,0
4/18/2024,8,12,9,$50.00 ,$450.00 ,0
3/19/2023,13,4,3,$150.00 ,$450.00 ,0
2/2/2023,18,10,5,$100.00 ,$500.00 ,0
6/8/2023,18,7,6,$100.00 ,$600.00 ,0
2/12/2024,8,11,3,$60.00 ,$180.00 ,0
1/19/2023,5,15,6,$20.00 ,$120.00 ,0
4/1/2024,1,3,8,$20.00 ,$160.00 ,0
8/16/2024,11,11,9,$60.00 ,$540.00 ,0
11/5/2023,8,3,7,$20.00 ,$140.00 ,0
9/26/2024,6,11,3,$60.00 ,$180.00 ,0
4/6/2023,15,4,5,$150.00 ,$750.00 ,0
10/26/2024,18,5,6,$80.00 ,$480.00 ,0
3/6/2024,7,8,3,$25.00 ,$75.00 ,0
12/6/2024,4,10,4,$100.00 ,$400.00 ,0
4/23/2024,4,4,7,$150.00 ,"$1,050.00 ",0
8/5/2023,14,13,1,$30.00 ,$30.00 ,0
4/16/2024,17,7,8,$100.00 ,$800.00 ,0
3/8/2024,16,11,5,$60.00 ,$300.00 ,0
5/7/2023,10,13,4,$30.00 ,$120.00 ,0
9/9/2023,10,10,8,$100.00 ,$800.00 ,0
11/12/2023,7,6,6,$15.00 ,$90.00 ,0
10/27/2024,13,5,4,$80.00 ,$320.00 ,0
4/18/2023,1,11,3,$60.00 ,$180.00 ,0
6/9/2023,12,16,3,$50.00 ,$150.00 ,0
5/19/2024,4,1,9,$25.00 ,$225.00 ,0
7/24/2023,7,6,7,$15.00 ,$105.00 ,0
8/31/2024,18,9,10,$110.00 ,"$1,100.00 ",0
1/14/2024,7,12,4,$50.00 ,$200.00 ,0
7/4/2024,13,9,9,$110.00 ,$990.00 ,0
6/11/2024,14,1,6,$25.00 ,$150.00 ,0
12/3/2023,14,9,7,$110.00 ,$770.00 ,0
8/10/2023,13,2,8,$120.00 ,$960.00 ,0
7/13/2024,6,8,6,$25.00 ,$150.00 ,0
8/22/2024,15,15,7,$20.00 ,$140.00 ,0
6/30/2023,6,8,10,$25.00 ,$250.00 ,0
6/10/2023,16,15,1,$20.00 ,$20.00 ,0
1/31/2023,2,16,3,$50.00 ,$150.00 ,0
12/16/2024,18,10,8,$100.00 ,$800.00 ,0
7/21/2024,5,16,10,$50.00 ,$500.00 ,2
2/5/2023,12,3,3,$20.00 ,$60.00 ,0
2/19/2024,15,12,1,$50.00 ,$50.00 ,0
7/15/2024,9,11,1,$60.00 ,$60.00 ,0
8/8/2024,4,6,3,$15.00 ,$45.00 ,0
10/14/2024,16,10,2,$100.00 ,$200.00 ,0
6/23/2024,3,10,6,$100.00 ,$600.00 ,0
1/1/2023,2,13,5,$30.00 ,$150.00 ,1
3/7/2023,6,1,1,$25.00 ,$25.00 ,0
6/18/2023,8,2,10,$120.00 ,"$1,200.00 ",0
12/18/2024,2,3,1,$20.00 ,$20.00 ,0
12/25/2023,1,16,4,$50.00 ,$200.00 ,0
5/5/2023,16,4,2,$150.00 ,$300.00 ,0
1/27/2024,9,8,8,$25.00 ,$200.00 ,0
8/17/2024,2,7,7,$100.00 ,$700.00 ,0
11/29/2023,15,13,2,$30.00 ,$60.00 ,0
8/23/2023,2,2,5,$120.00 ,$600.00 ,0
5/5/2024,2,6,2,$15.00 ,$30.00 ,0
12/10/2023,7,12,7,$50.00 ,$350.00 ,0
3/24/2024,16,7,3,$100.00 ,$300.00 ,0
2/8/2023,7,15,8,$20.00 ,$160.00 ,0
8/27/2024,3,3,8,$20.00 ,$160.00 ,0
4/24/2023,7,12,1,$50.00 ,$50.00 ,0
12/17/2023,7,7,6,$100.00 ,$600.00 ,0
12/22/2024,6,1,6,$25.00 ,$150.00 ,0
12/6/2023,3,1,4,$25.00 ,$100.00 ,1
11/25/2024,8,7,7,$100.00 ,$700.00 ,0
1/12/2023,2,14,4,$95.00 ,$380.00 ,0
3/9/2023,16,9,4,$110.00 ,$440.00 ,0
6/27/2024,13,10,4,$100.00 ,$400.00 ,0
12/29/2023,2,13,3,$30.00 ,$90.00 ,0
9/2/2023,18,3,3,$20.00 ,$60.00 ,1
10/15/2024,4,12,7,$50.00 ,$350.00 ,0
5/3/2023,7,6,8,$15.00 ,$120.00 ,0
7/15/2024,6,3,3,$20.00 ,$60.00 ,0
1/31/2023,6,1,6,$25.00 ,$150.00 ,0
12/10/2023,4,4,8,$150.00 ,"$1,200.00 ",0
5/8/2023,7,14,3,$95.00 ,$285.00 ,0
12/3/2024,16,12,3,$50.00 ,$150.00 ,0
4/24/2023,4,12,3,$50.00 ,$150.00 ,0
10/20/2024,7,1,8,$25.00 ,$200.00 ,0
8/27/2024,11,8,5,$25.00 ,$125.00 ,0
5/13/2024,14,16,2,$50.00 ,$100.00 ,0
1/21/2023,12,6,8,$15.00 ,$120.00 ,0
3/25/2023,6,5,8,$80.00 ,$640.00 ,0
9/4/2024,8,15,3,$20.00 ,$60.00 ,0
10/4/2024,3,2,1,$120.00 ,$120.00 ,0
10/8/2024,1,16,10,$50.00 ,$500.00 ,1
11/4/2024,9,4,4,$150.00 ,$600.00 ,0
12/1/2024,3,15,10,$20.00 ,$200.00 ,0
11/24/2024,3,4,1,$150.00 ,$150.00 ,0
3/11/2023,6,7,3,$100.00 ,$300.00 ,0
8/29/2024,14,14,6,$95.00 ,$570.00 ,0
6/22/2024,2,6,9,$15.00 ,$135.00 ,0
11/10/2023,5,1,7,$25.00 ,$175.00 ,2
11/13/2023,2,5,8,$80.00 ,$640.00 ,0
11/18/2024,16,9,8,$110.00 ,$880.00 ,0
4/11/2023,5,10,7,$100.00 ,$700.00 ,0
10/16/2024,14,7,1,$100.00 ,$100.00 ,0
2/23/2023,1,11,5,$60.00 ,$300.00 ,0
1/9/2024,10,13,4,$30.00 ,$120.00 ,1
1/5/2023,7,11,6,$60.00 ,$360.00 ,1
2/14/2024,18,6,3,$15.00 ,$45.00 ,0
7/24/2024,1,16,9,$50.00 ,$450.00 ,0
5/21/2023,15,3,6,$20.00 ,$120.00 ,0
7/30/2023,8,8,9,$25.00 ,$225.00 ,0
11/8/2024,10,10,3,$100.00 ,$300.00 ,0
7/1/2024,10,4,10,$150.00 ,"$1,500.00 ",0
3/8/2023,4,1,6,$25.00 ,$150.00 ,0
6/17/2023,7,8,2,$25.00 ,$50.00 ,0
12/19/2023,6,1,1,$25.00 ,$25.00 ,0
9/19/2024,11,4,2,$150.00 ,$300.00 ,0
5/1/2023,9,4,2,$150.00 ,$300.00 ,0
10/20/2024,13,3,10,$20.00 ,$200.00 ,0
2/5/2023,7,14,2,$95.00 ,$190.00 ,0
12/15/2024,4,12,8,$50.00 ,$400.00 ,0
6/25/2023,9,1,8,$25.00 ,$200.00 ,0
5/13/2024,13,12,9,$50.00 ,$450.00 ,1
5/7/2024,18,6,8,$15.00 ,$120.00 ,0
6/15/2024,15,16,5,$50.00 ,$250.00 ,0
5/14/2024,13,2,10,$120.00 ,"$1,200.00 ",0
8/11/2023,11,14,9,$95.00 ,$855.00 ,0
6/13/2023,15,10,6,$100.00 ,$600.00 ,0
7/7/2023,15,15,10,$20.00 ,$200.00 ,0
6/24/2024,9,2,9,$120.00 ,"$1,080.00 ",0
4/14/2023,8,11,4,$60.00 ,$240.00 ,0
11/7/2023,17,7,9,$100.00 ,$900.00 ,0
10/31/2023,14,6,6,$15.00 ,$90.00 ,0
7/31/2023,5,6,5,$15.00 ,$75.00 ,0
10/22/2023,1,7,3,$100.00 ,$300.00 ,0
